canonical_id,canonical_kind,source_count,max_zone,rarity_tag,dominant_profile
BAR:adamantite,bar,1,3,very_rare,ore_t4
BAR:bronze,bar,1,1,common,t1_crafted
BAR:cobalt,bar,1,3,rare,ore_t3
BAR:copper,bar,1,1,common,ore_t1
BAR:gold,bar,1,3,rare,ore_t3
BAR:iron,bar,1,1,common,ore_t1
BAR:mithril,bar,1,4,very_rare,endgame_mithril
BAR:onyxium,bar,1,4,mythic,endgame_onyxium
BAR:prisma,bar,1,4,mythic,endgame_prisma
BAR:silver,bar,1,2,uncommon,ore_t2
BAR:thorium,bar,1,2,uncommon,ore_t2
BASIC:plant_fiber,basic,1,1,common,basic_gather
BASIC:stick,basic,1,1,common,basic_gather
BASIC:tree_sap,basic,1,1,common,basic_gather
BLOCK:Deco_Bone_Ribs_Feran,raw,1,1,common,misc
BLOCK:Deco_Bone_Skulls_Feran,raw,1,1,common,misc
BLOCK:Deco_Bone_Skulls_Feran_Large,raw,1,1,common,misc
BLOCK:Deco_Bone_Skulls_Feran_Wall,raw,1,1,common,misc
BLOCK:Deco_Bone_Skulls_Wall,raw,1,1,common,misc
BLOCK:Deco_Coral_Shell,raw,1,1,common,misc
BLOCK:Deco_Coral_Shell_Purple,raw,1,1,common,misc
BLOCK:Deco_Coral_Shell_Sanddollar,raw,1,1,common,misc
BLOCK:Deco_Coral_Shell_Swirly,raw,1,1,common,misc
BLOCK:Deco_Coral_Shell_Urchin,raw,1,1,common,misc
BLOCK:Deco_Nest,raw,1,1,common,misc
BLOCK:Deco_Starfish,raw,1,1,common,misc
BLOCK:Deco_Trash,raw,1,1,common,misc
BLOCK:Deco_Trash_Pile_Large,raw,1,1,common,misc
BLOCK:Deco_Trash_Pile_Small,raw,1,1,common,misc
BLOCK:Kweebec_Ancient,raw,1,1,common,misc
BLOCK:Plant_Barnacles,raw,1,1,common,misc
BLOCK:Plant_Bramble_Dead_Lavathorn,raw,1,1,common,misc
BLOCK:Plant_Bramble_Dead_Twisted,raw,1,1,common,misc
BLOCK:Plant_Bramble_Dry_Magic,raw,1,1,common,misc
BLOCK:Plant_Bramble_Dry_Sandthorn,raw,1,1,common,misc
BLOCK:Plant_Bramble_Dry_Twisted,raw,1,1,common,misc
BLOCK:Plant_Bramble_Moss_Twisted,raw,1,1,common,misc
BLOCK:Plant_Bramble_Winter,raw,1,1,common,misc
BLOCK:Plant_Bush,raw,1,1,common,misc
BLOCK:Plant_Bush_Arid,raw,1,1,common,misc
BLOCK:Plant_Bush_Arid_Palm,raw,1,1,common,misc
BLOCK:Plant_Bush_Arid_Red,raw,1,1,common,misc
BLOCK:Plant_Bush_Arid_Sharp,raw,1,1,common,misc
BLOCK:Plant_Bush_Bramble,raw,1,1,common,misc
BLOCK:Plant_Bush_Crystal,raw,1,1,common,misc
BLOCK:Plant_Bush_Dead,raw,1,1,common,misc
BLOCK:Plant_Bush_Dead_Hanging,raw,1,1,common,misc
BLOCK:Plant_Bush_Dead_Tall,raw,1,1,common,misc
BLOCK:Plant_Bush_Dead_Twisted,raw,1,1,common,misc
BLOCK:Plant_Bush_Green,raw,1,1,common,misc
BLOCK:Plant_Bush_Hanging,raw,1,1,common,misc
BLOCK:Plant_Bush_Jungle,raw,1,1,common,misc
BLOCK:Plant_Bush_Lush,raw,1,1,common,misc
BLOCK:Plant_Bush_Wet,raw,1,1,common,misc
BLOCK:Plant_Bush_Winter,raw,1,1,common,misc
BLOCK:Plant_Bush_Winter_Red,raw,1,1,common,misc
BLOCK:Plant_Bush_Winter_Sharp,raw,1,1,common,misc
BLOCK:Plant_Bush_Winter_Snow,raw,1,1,common,misc
BLOCK:Plant_Cactus_1,raw,1,1,common,misc
BLOCK:Plant_Cactus_2,raw,1,1,common,misc
BLOCK:Plant_Cactus_3,raw,1,1,common,misc
BLOCK:Plant_Cactus_Ball_1,raw,1,1,common,misc
BLOCK:Plant_Cactus_Flat_1,raw,1,1,common,misc
BLOCK:Plant_Cactus_Flat_2,raw,1,1,common,misc
BLOCK:Plant_Cactus_Flat_3,raw,1,1,common,misc
BLOCK:Plant_Cactus_Flower,raw,1,1,common,misc
BLOCK:Plant_Coral_Block_Blue,raw,1,1,common,misc
BLOCK:Plant_Coral_Block_Cyan,raw,1,1,common,misc
BLOCK:Plant_Coral_Block_Green,raw,1,1,common,misc
BLOCK:Plant_Coral_Block_Grey,raw,1,1,common,misc
BLOCK:Plant_Coral_Block_Lime,raw,1,1,common,misc
BLOCK:Plant_Coral_Block_Orange,raw,1,1,common,misc
BLOCK:Plant_Coral_Block_Pink,raw,1,1,common,misc
BLOCK:Plant_Coral_Block_Poison,raw,1,1,common,misc
BLOCK:Plant_Coral_Block_Purple,raw,1,1,common,misc
BLOCK:Plant_Coral_Block_Red,raw,1,1,common,misc
BLOCK:Plant_Coral_Block_Violet,raw,1,1,common,misc
BLOCK:Plant_Coral_Block_White,raw,1,1,common,misc
BLOCK:Plant_Coral_Block_Yellow,raw,1,1,common,misc
BLOCK:Plant_Coral_Bush_Blue,raw,1,1,common,misc
BLOCK:Plant_Coral_Bush_Cyan,raw,1,1,common,misc
BLOCK:Plant_Coral_Bush_Green,raw,1,1,common,misc
BLOCK:Plant_Coral_Bush_Grey,raw,1,1,common,misc
BLOCK:Plant_Coral_Bush_Lime,raw,1,1,common,misc
BLOCK:Plant_Coral_Bush_Orange,raw,1,1,common,misc
BLOCK:Plant_Coral_Bush_Pink,raw,1,1,common,misc
BLOCK:Plant_Coral_Bush_Poisoned,raw,1,1,common,misc
BLOCK:Plant_Coral_Bush_Purple,raw,1,1,common,misc
BLOCK:Plant_Coral_Bush_Red,raw,1,1,common,misc
BLOCK:Plant_Coral_Bush_Violet,raw,1,1,common,misc
BLOCK:Plant_Coral_Bush_White,raw,1,1,common,misc
BLOCK:Plant_Coral_Bush_Yellow,raw,1,1,common,misc
BLOCK:Plant_Coral_Model_Blue,raw,1,1,common,misc
BLOCK:Plant_Coral_Model_Cyan,raw,1,1,common,misc
BLOCK:Plant_Coral_Model_Green,raw,1,1,common,misc
BLOCK:Plant_Coral_Model_Grey,raw,1,1,common,misc
BLOCK:Plant_Coral_Model_Lime,raw,1,1,common,misc
BLOCK:Plant_Coral_Model_Orange,raw,1,1,common,misc
BLOCK:Plant_Coral_Model_Pink,raw,1,1,common,misc
BLOCK:Plant_Coral_Model_Purple,raw,1,1,common,misc
BLOCK:Plant_Coral_Model_Red,raw,1,1,common,misc
BLOCK:Plant_Coral_Model_Violet,raw,1,1,common,misc
BLOCK:Plant_Coral_Model_White,raw,1,1,common,misc
BLOCK:Plant_Coral_Model_Yellow,raw,1,1,common,misc
BLOCK:Plant_Crop_Aubergine_Block,raw,1,1,common,misc
BLOCK:Plant_Crop_Berry_Block,raw,1,1,common,misc
BLOCK:Plant_Crop_Berry_Wet_Block,raw,1,1,common,misc
BLOCK:Plant_Crop_Berry_Winter_Block,raw,1,1,common,misc
BLOCK:Plant_Crop_Carrot_Block,raw,1,1,common,misc
BLOCK:Plant_Crop_Cauliflower_Block,raw,1,1,common,misc
BLOCK:Plant_Crop_Chilli_Block,raw,1,1,common,misc
BLOCK:Plant_Crop_Corn_Block,raw,1,1,common,misc
BLOCK:Plant_Crop_Cotton_Block,raw,1,1,common,misc
BLOCK:Plant_Crop_Health1,raw,1,1,common,misc
BLOCK:Plant_Crop_Health1_Block,raw,1,1,common,misc
BLOCK:Plant_Crop_Health2,raw,1,1,common,misc
BLOCK:Plant_Crop_Health2_Block,raw,1,1,common,misc
BLOCK:Plant_Crop_Health3,raw,1,1,common,misc
BLOCK:Plant_Crop_Health3_Block,raw,1,1,common,misc
BLOCK:Plant_Crop_Lettuce_Block,raw,1,1,common,misc
BLOCK:Plant_Crop_Mana1,raw,1,1,common,misc
BLOCK:Plant_Crop_Mana1_Block,raw,1,1,common,misc
BLOCK:Plant_Crop_Mana2,raw,1,1,common,misc
BLOCK:Plant_Crop_Mana2_Block,raw,1,1,common,misc
BLOCK:Plant_Crop_Mana3,raw,1,1,common,misc
BLOCK:Plant_Crop_Mana3_Block,raw,1,1,common,misc
BLOCK:Plant_Crop_Mushroom_Block,raw,1,1,common,misc
BLOCK:Plant_Crop_Mushroom_Block_Blue,raw,1,1,common,misc
BLOCK:Plant_Crop_Mushroom_Block_Blue_Branch,raw,1,1,common,misc
BLOCK:Plant_Crop_Mushroom_Block_Blue_Mycelium,raw,1,1,common,misc
BLOCK:Plant_Crop_Mushroom_Block_Blue_Trunk,raw,1,1,common,misc
BLOCK:Plant_Crop_Mushroom_Block_Brown,raw,1,1,common,misc
BLOCK:Plant_Crop_Mushroom_Block_Brown_Branch,raw,1,1,common,misc
BLOCK:Plant_Crop_Mushroom_Block_Brown_Mycelium,raw,1,1,common,misc
BLOCK:Plant_Crop_Mushroom_Block_Brown_Trunk,raw,1,1,common,misc
BLOCK:Plant_Crop_Mushroom_Block_Green,raw,1,1,common,misc
BLOCK:Plant_Crop_Mushroom_Block_Green_Branch,raw,1,1,common,misc
BLOCK:Plant_Crop_Mushroom_Block_Green_Mycelium,raw,1,1,common,misc
BLOCK:Plant_Crop_Mushroom_Block_Green_Trunk,raw,1,1,common,misc
BLOCK:Plant_Crop_Mushroom_Block_Purple,raw,1,1,common,misc
BLOCK:Plant_Crop_Mushroom_Block_Purple_Branch,raw,1,1,common,misc
BLOCK:Plant_Crop_Mushroom_Block_Purple_Mycelium,raw,1,1,common,misc
BLOCK:Plant_Crop_Mushroom_Block_Purple_Trunk,raw,1,1,common,misc
BLOCK:Plant_Crop_Mushroom_Block_Red,raw,1,1,common,misc
BLOCK:Plant_Crop_Mushroom_Block_Red_Branch,raw,1,1,common,misc
BLOCK:Plant_Crop_Mushroom_Block_Red_Mycelium,raw,1,1,common,misc
BLOCK:Plant_Crop_Mushroom_Block_Red_Trunk,raw,1,1,common,misc
BLOCK:Plant_Crop_Mushroom_Block_White,raw,1,1,common,misc
BLOCK:Plant_Crop_Mushroom_Block_White_Branch,raw,1,1,common,misc
BLOCK:Plant_Crop_Mushroom_Block_White_Mycelium,raw,1,1,common,misc
BLOCK:Plant_Crop_Mushroom_Block_White_Trunk,raw,1,1,common,misc
BLOCK:Plant_Crop_Mushroom_Block_Yellow,raw,1,1,common,misc
BLOCK:Plant_Crop_Mushroom_Block_Yellow_Branch,raw,1,1,common,misc
BLOCK:Plant_Crop_Mushroom_Block_Yellow_Mycelium,raw,1,1,common,misc
BLOCK:Plant_Crop_Mushroom_Block_Yellow_Trunk,raw,1,1,common,misc
BLOCK:Plant_Crop_Mushroom_Boomshroom_Large,raw,1,1,common,misc
BLOCK:Plant_Crop_Mushroom_Boomshroom_Small,raw,1,1,common,misc
BLOCK:Plant_Crop_Mushroom_Cap_Brown,raw,1,1,common,misc
BLOCK:Plant_Crop_Mushroom_Cap_Green,raw,1,1,common,misc
BLOCK:Plant_Crop_Mushroom_Cap_Poison,raw,1,1,common,misc
BLOCK:Plant_Crop_Mushroom_Cap_Red,raw,1,1,common,misc
BLOCK:Plant_Crop_Mushroom_Cap_White,raw,1,1,common,misc
BLOCK:Plant_Crop_Mushroom_Common_Blue,raw,1,1,common,misc
BLOCK:Plant_Crop_Mushroom_Common_Brown,raw,1,1,common,misc
BLOCK:Plant_Crop_Mushroom_Common_Lime,raw,1,1,common,misc
BLOCK:Plant_Crop_Mushroom_Flatcap_Blue,raw,1,1,common,misc
BLOCK:Plant_Crop_Mushroom_Flatcap_Green,raw,1,1,common,misc
BLOCK:Plant_Crop_Mushroom_Glowing_Blue,raw,1,1,common,misc
BLOCK:Plant_Crop_Mushroom_Glowing_Green,raw,1,1,common,misc
BLOCK:Plant_Crop_Mushroom_Glowing_Orange,raw,1,1,common,misc
BLOCK:Plant_Crop_Mushroom_Glowing_Purple,raw,1,1,common,misc
BLOCK:Plant_Crop_Mushroom_Glowing_Red,raw,1,1,common,misc
BLOCK:Plant_Crop_Mushroom_Glowing_Violet,raw,1,1,common,misc
BLOCK:Plant_Crop_Mushroom_Shelve_Brown,raw,1,1,common,misc
BLOCK:Plant_Crop_Mushroom_Shelve_Green,raw,1,1,common,misc
BLOCK:Plant_Crop_Mushroom_Shelve_Yellow,raw,1,1,common,misc
BLOCK:Plant_Crop_Onion_Block,raw,1,1,common,misc
BLOCK:Plant_Crop_Potato_Block,raw,1,1,common,misc
BLOCK:Plant_Crop_Pumpkin_Block,raw,1,1,common,misc
BLOCK:Plant_Crop_Rice_Block,raw,1,1,common,misc
BLOCK:Plant_Crop_Stamina1,raw,1,1,common,misc
BLOCK:Plant_Crop_Stamina1_Block,raw,1,1,common,misc
BLOCK:Plant_Crop_Stamina2,raw,1,1,common,misc
BLOCK:Plant_Crop_Stamina2_Block,raw,1,1,common,misc
BLOCK:Plant_Crop_Stamina3,raw,1,1,common,misc
BLOCK:Plant_Crop_Stamina3_Block,raw,1,1,common,misc
BLOCK:Plant_Crop_Tomato_Block,raw,1,1,common,misc
BLOCK:Plant_Crop_Turnip_Block,raw,1,1,common,misc
BLOCK:Plant_Crop_Wheat_Block,raw,1,1,common,misc
BLOCK:Plant_Crop_Wheat_Stage_4_Burnt,raw,1,1,common,misc
BLOCK:Plant_Fern,raw,1,1,common,misc
BLOCK:Plant_Fern_Arid,raw,1,1,common,misc
BLOCK:Plant_Fern_Forest,raw,1,1,common,misc
BLOCK:Plant_Fern_Jungle,raw,1,1,common,misc
BLOCK:Plant_Fern_Jungle_Trunk,raw,1,1,common,misc
BLOCK:Plant_Fern_Tall,raw,1,1,common,misc
BLOCK:Plant_Fern_Wet_Big,raw,1,1,common,misc
BLOCK:Plant_Fern_Wet_Giant,raw,1,1,common,misc
BLOCK:Plant_Fern_Wet_Giant_Trunk,raw,1,1,common,misc
BLOCK:Plant_Fern_Winter,raw,1,1,common,misc
BLOCK:Plant_Flower_Bushy_Blue,raw,1,1,common,misc
BLOCK:Plant_Flower_Bushy_Cyan,raw,1,1,common,misc
BLOCK:Plant_Flower_Bushy_Green,raw,1,1,common,misc
BLOCK:Plant_Flower_Bushy_Grey,raw,1,1,common,misc
BLOCK:Plant_Flower_Bushy_Orange,raw,1,1,common,misc
BLOCK:Plant_Flower_Bushy_Poisoned,raw,1,1,common,misc
BLOCK:Plant_Flower_Bushy_Purple,raw,1,1,common,misc
BLOCK:Plant_Flower_Bushy_Red,raw,1,1,common,misc
BLOCK:Plant_Flower_Bushy_Violet,raw,1,1,common,misc
BLOCK:Plant_Flower_Bushy_White,raw,1,1,common,misc
BLOCK:Plant_Flower_Bushy_Yellow,raw,1,1,common,misc
BLOCK:Plant_Flower_Common_Blue,raw,1,1,common,misc
BLOCK:Plant_Flower_Common_Blue2,raw,1,1,common,misc
BLOCK:Plant_Flower_Common_Cyan,raw,1,1,common,misc
BLOCK:Plant_Flower_Common_Cyan2,raw,1,1,common,misc
BLOCK:Plant_Flower_Common_Grey,raw,1,1,common,misc
BLOCK:Plant_Flower_Common_Grey2,raw,1,1,common,misc
BLOCK:Plant_Flower_Common_Lime,raw,1,1,common,misc
BLOCK:Plant_Flower_Common_Lime2,raw,1,1,common,misc
BLOCK:Plant_Flower_Common_Orange,raw,1,1,common,misc
BLOCK:Plant_Flower_Common_Orange2,raw,1,1,common,misc
BLOCK:Plant_Flower_Common_Pink,raw,1,1,common,misc
BLOCK:Plant_Flower_Common_Pink2,raw,1,1,common,misc
BLOCK:Plant_Flower_Common_Poisoned,raw,1,1,common,misc
BLOCK:Plant_Flower_Common_Poisoned2,raw,1,1,common,misc
BLOCK:Plant_Flower_Common_Purple,raw,1,1,common,misc
BLOCK:Plant_Flower_Common_Purple2,raw,1,1,common,misc
BLOCK:Plant_Flower_Common_Red,raw,1,1,common,misc
BLOCK:Plant_Flower_Common_Red2,raw,1,1,common,misc
BLOCK:Plant_Flower_Common_Violet,raw,1,1,common,misc
BLOCK:Plant_Flower_Common_Violet2,raw,1,1,common,misc
BLOCK:Plant_Flower_Common_White,raw,1,1,common,misc
BLOCK:Plant_Flower_Common_White2,raw,1,1,common,misc
BLOCK:Plant_Flower_Common_Yellow,raw,1,1,common,misc
BLOCK:Plant_Flower_Common_Yellow2,raw,1,1,common,misc
BLOCK:Plant_Flower_Flax_Blue,raw,1,1,common,misc
BLOCK:Plant_Flower_Flax_Orange,raw,1,1,common,misc
BLOCK:Plant_Flower_Flax_Pink,raw,1,1,common,misc
BLOCK:Plant_Flower_Flax_Purple,raw,1,1,common,misc
BLOCK:Plant_Flower_Flax_White,raw,1,1,common,misc
BLOCK:Plant_Flower_Flax_Yellow,raw,1,1,common,misc
BLOCK:Plant_Flower_Hemlock,raw,1,1,common,misc
BLOCK:Plant_Flower_Orchid_Blue,raw,1,1,common,misc
BLOCK:Plant_Flower_Orchid_Cyan,raw,1,1,common,misc
BLOCK:Plant_Flower_Orchid_Orange,raw,1,1,common,misc
BLOCK:Plant_Flower_Orchid_Pink,raw,1,1,common,misc
BLOCK:Plant_Flower_Orchid_Poisoned,raw,1,1,common,misc
BLOCK:Plant_Flower_Orchid_Purple,raw,1,1,common,misc
BLOCK:Plant_Flower_Orchid_Red,raw,1,1,common,misc
BLOCK:Plant_Flower_Orchid_White,raw,1,1,common,misc
BLOCK:Plant_Flower_Orchid_Yellow,raw,1,1,common,misc
BLOCK:Plant_Flower_Poisoned_Orange,raw,1,1,common,misc
BLOCK:Plant_Flower_Tall_Blue,raw,1,1,common,misc
BLOCK:Plant_Flower_Tall_Cyan,raw,1,1,common,misc
BLOCK:Plant_Flower_Tall_Cyan2,raw,1,1,common,misc
BLOCK:Plant_Flower_Tall_Pink,raw,1,1,common,misc
BLOCK:Plant_Flower_Tall_Purple,raw,1,1,common,misc
BLOCK:Plant_Flower_Tall_Red,raw,1,1,common,misc
BLOCK:Plant_Flower_Tall_Violet,raw,1,1,common,misc
BLOCK:Plant_Flower_Tall_Yellow,raw,1,1,common,misc
BLOCK:Plant_Flower_Water_Blue,raw,1,1,common,misc
BLOCK:Plant_Flower_Water_Duckweed,raw,1,1,common,misc
BLOCK:Plant_Flower_Water_Green,raw,1,1,common,misc
BLOCK:Plant_Flower_Water_Purple,raw,1,1,common,misc
BLOCK:Plant_Flower_Water_Red,raw,1,1,common,misc
BLOCK:Plant_Flower_Water_White,raw,1,1,common,misc
BLOCK:Plant_Fruit_Apple,raw,1,1,common,misc
BLOCK:Plant_Fruit_Azure,raw,1,1,common,misc
BLOCK:Plant_Fruit_Coconut,raw,1,1,common,misc
BLOCK:Plant_Fruit_Mango,raw,1,1,common,misc
BLOCK:Plant_Fruit_Pinkberry,raw,1,1,common,misc
BLOCK:Plant_Fruit_Spiral,raw,1,1,common,misc
BLOCK:Plant_Fruit_Windwillow,raw,1,1,common,misc
BLOCK:Plant_Grass_Arid,raw,1,1,common,misc
BLOCK:Plant_Grass_Arid_Short,raw,1,1,common,misc
BLOCK:Plant_Grass_Arid_Tall,raw,1,1,common,misc
BLOCK:Plant_Grass_Cave_Short,raw,1,1,common,misc
BLOCK:Plant_Grass_Dry,raw,1,1,common,misc
BLOCK:Plant_Grass_Dry_Tall,raw,1,1,common,misc
BLOCK:Plant_Grass_Gnarled,raw,1,1,common,misc
BLOCK:Plant_Grass_Gnarled_Short,raw,1,1,common,misc
BLOCK:Plant_Grass_Gnarled_Tall,raw,1,1,common,misc
BLOCK:Plant_Grass_Jungle,raw,1,1,common,misc
BLOCK:Plant_Grass_Jungle_Short,raw,1,1,common,misc
BLOCK:Plant_Grass_Jungle_Tall,raw,1,1,common,misc
BLOCK:Plant_Grass_Lush,raw,1,1,common,misc
BLOCK:Plant_Grass_Lush_Short,raw,1,1,common,misc
BLOCK:Plant_Grass_Lush_Tall,raw,1,1,common,misc
BLOCK:Plant_Grass_Poisoned,raw,1,1,common,misc
BLOCK:Plant_Grass_Poisoned_Short,raw,1,1,common,misc
BLOCK:Plant_Grass_Rocky,raw,1,1,common,misc
BLOCK:Plant_Grass_Rocky_Short,raw,1,1,common,misc
BLOCK:Plant_Grass_Rocky_Tall,raw,1,1,common,misc
BLOCK:Plant_Grass_Sharp,raw,1,1,common,misc
BLOCK:Plant_Grass_Sharp_Overgrown,raw,1,1,common,misc
BLOCK:Plant_Grass_Sharp_Short,raw,1,1,common,misc
BLOCK:Plant_Grass_Sharp_Tall,raw,1,1,common,misc
BLOCK:Plant_Grass_Sharp_Wild,raw,1,1,common,misc
BLOCK:Plant_Grass_Snowy,raw,1,1,common,misc
BLOCK:Plant_Grass_Snowy_Short,raw,1,1,common,misc
BLOCK:Plant_Grass_Snowy_Tall,raw,1,1,common,misc
BLOCK:Plant_Grass_Wet,raw,1,1,common,misc
BLOCK:Plant_Grass_Wet_Overgrown,raw,1,1,common,misc
BLOCK:Plant_Grass_Wet_Short,raw,1,1,common,misc
BLOCK:Plant_Grass_Wet_Tall,raw,1,1,common,misc
BLOCK:Plant_Grass_Wet_Wild,raw,1,1,common,misc
BLOCK:Plant_Grass_Winter,raw,1,1,common,misc
BLOCK:Plant_Grass_Winter_Short,raw,1,1,common,misc
BLOCK:Plant_Grass_Winter_Tall,raw,1,1,common,misc
BLOCK:Plant_Hay_Bundle,raw,1,1,common,misc
BLOCK:Plant_Lavender_Stage_0,raw,1,1,common,misc
BLOCK:Plant_Leaves_Amber,raw,1,1,common,misc
BLOCK:Plant_Leaves_Ash,raw,1,1,common,misc
BLOCK:Plant_Leaves_Aspen,raw,1,1,common,misc
BLOCK:Plant_Leaves_Autumn,raw,1,1,common,misc
BLOCK:Plant_Leaves_Autumn_Floor,raw,1,1,common,misc
BLOCK:Plant_Leaves_Azure,raw,1,1,common,misc
BLOCK:Plant_Leaves_Bamboo,raw,1,1,common,misc
BLOCK:Plant_Leaves_Banyan,raw,1,1,common,misc
BLOCK:Plant_Leaves_Beech,raw,1,1,common,misc
BLOCK:Plant_Leaves_Birch,raw,1,1,common,misc
BLOCK:Plant_Leaves_Bottle,raw,1,1,common,misc
BLOCK:Plant_Leaves_Bramble,raw,1,1,common,misc
BLOCK:Plant_Leaves_Burnt,raw,1,1,common,misc
BLOCK:Plant_Leaves_Camphor,raw,1,1,common,misc
BLOCK:Plant_Leaves_Cedar,raw,1,1,common,misc
BLOCK:Plant_Leaves_Crystal,raw,1,1,common,misc
BLOCK:Plant_Leaves_Dead,raw,1,1,common,misc
BLOCK:Plant_Leaves_Dry,raw,1,1,common,misc
BLOCK:Plant_Leaves_Fig_Blue,raw,1,1,common,misc
BLOCK:Plant_Leaves_Fir,raw,1,1,common,misc
BLOCK:Plant_Leaves_Fir_Red,raw,1,1,common,misc
BLOCK:Plant_Leaves_Fir_Snow,raw,1,1,common,misc
BLOCK:Plant_Leaves_Fire,raw,1,1,common,misc
BLOCK:Plant_Leaves_Goldentree,raw,1,1,common,misc
BLOCK:Plant_Leaves_Gumboab,raw,1,1,common,misc
BLOCK:Plant_Leaves_Jungle,raw,1,1,common,misc
BLOCK:Plant_Leaves_Jungle_Floor,raw,1,1,common,misc
BLOCK:Plant_Leaves_Maple,raw,1,1,common,misc
BLOCK:Plant_Leaves_Oak,raw,1,1,common,misc
BLOCK:Plant_Leaves_Palm,raw,1,1,common,misc
BLOCK:Plant_Leaves_Palm_Arid,raw,1,1,common,misc
BLOCK:Plant_Leaves_Palm_Oasis,raw,1,1,common,misc
BLOCK:Plant_Leaves_Palo,raw,1,1,common,misc
BLOCK:Plant_Leaves_Petrified,raw,1,1,common,misc
BLOCK:Plant_Leaves_Poisoned,raw,1,1,common,misc
BLOCK:Plant_Leaves_Poisoned_Floor,raw,1,1,common,misc
BLOCK:Plant_Leaves_Redwood,raw,1,1,common,misc
BLOCK:Plant_Leaves_Rhododendron,raw,1,1,common,misc
BLOCK:Plant_Leaves_Sallow,raw,1,1,common,misc
BLOCK:Plant_Leaves_Snow,raw,1,1,common,misc
BLOCK:Plant_Leaves_Spiral,raw,1,1,common,misc
BLOCK:Plant_Leaves_Stormbark,raw,1,1,common,misc
BLOCK:Plant_Leaves_Windwillow,raw,1,1,common,misc
BLOCK:Plant_Leaves_Wisteria_Wild,raw,1,1,common,misc
BLOCK:Plant_Moss_Block_Blue,raw,1,1,common,misc
BLOCK:Plant_Moss_Block_Green,raw,1,1,common,misc
BLOCK:Plant_Moss_Block_Green_Dark,raw,1,1,common,misc
BLOCK:Plant_Moss_Block_Red,raw,1,1,common,misc
BLOCK:Plant_Moss_Block_Yellow,raw,1,1,common,misc
BLOCK:Plant_Moss_Blue,raw,1,1,common,misc
BLOCK:Plant_Moss_Cave_Blue,raw,1,1,common,misc
BLOCK:Plant_Moss_Cave_Green,raw,1,1,common,misc
BLOCK:Plant_Moss_Cave_Green_Dark,raw,1,1,common,misc
BLOCK:Plant_Moss_Cave_Red,raw,1,1,common,misc
BLOCK:Plant_Moss_Cave_Yellow,raw,1,1,common,misc
BLOCK:Plant_Moss_Green,raw,1,1,common,misc
BLOCK:Plant_Moss_Green_Dark,raw,1,1,common,misc
BLOCK:Plant_Moss_Red,raw,1,1,common,misc
BLOCK:Plant_Moss_Rug_Blue,raw,1,1,common,misc
BLOCK:Plant_Moss_Rug_Green,raw,1,1,common,misc
BLOCK:Plant_Moss_Rug_Green_Dark,raw,1,1,common,misc
BLOCK:Plant_Moss_Rug_Lime,raw,1,1,common,misc
BLOCK:Plant_Moss_Rug_Pink,raw,1,1,common,misc
BLOCK:Plant_Moss_Rug_Red,raw,1,1,common,misc
BLOCK:Plant_Moss_Rug_Yellow,raw,1,1,common,misc
BLOCK:Plant_Moss_Short_Blue,raw,1,1,common,misc
BLOCK:Plant_Moss_Short_Green,raw,1,1,common,misc
BLOCK:Plant_Moss_Short_Green_Dark,raw,1,1,common,misc
BLOCK:Plant_Moss_Short_Red,raw,1,1,common,misc
BLOCK:Plant_Moss_Short_Yellow,raw,1,1,common,misc
BLOCK:Plant_Moss_Wall_Blue,raw,1,1,common,misc
BLOCK:Plant_Moss_Wall_Green,raw,1,1,common,misc
BLOCK:Plant_Moss_Wall_Green_Dark,raw,1,1,common,misc
BLOCK:Plant_Moss_Wall_Red,raw,1,1,common,misc
BLOCK:Plant_Moss_Wall_Yellow,raw,1,1,common,misc
BLOCK:Plant_Moss_Yellow,raw,1,1,common,misc
BLOCK:Plant_Reeds_Arid,raw,1,1,common,misc
BLOCK:Plant_Reeds_Lava,raw,1,1,common,misc
BLOCK:Plant_Reeds_Marsh,raw,1,1,common,misc
BLOCK:Plant_Reeds_Poison,raw,1,1,common,misc
BLOCK:Plant_Reeds_Water,raw,1,1,common,misc
BLOCK:Plant_Reeds_Wet,raw,1,1,common,misc
BLOCK:Plant_Reeds_Winter,raw,1,1,common,misc
BLOCK:Plant_Roots_Cave,raw,1,1,common,misc
BLOCK:Plant_Roots_Cave_Small,raw,1,1,common,misc
BLOCK:Plant_Roots_Leafy,raw,1,1,common,misc
BLOCK:Plant_Sapling_Ash,raw,1,1,common,misc
BLOCK:Plant_Sapling_Beech,raw,1,1,common,misc
BLOCK:Plant_Sapling_Birch,raw,1,1,common,misc
BLOCK:Plant_Sapling_Cedar,raw,1,1,common,misc
BLOCK:Plant_Sapling_Crystal,raw,1,1,common,misc
BLOCK:Plant_Sapling_Dry,raw,1,1,common,misc
BLOCK:Plant_Sapling_Oak,raw,1,1,common,misc
BLOCK:Plant_Sapling_Palm,raw,1,1,common,misc
BLOCK:Plant_Sapling_Poisoned,raw,1,1,common,misc
BLOCK:Plant_Sapling_Redwood,raw,1,1,common,misc
BLOCK:Plant_Sapling_Spruce,raw,1,1,common,misc
BLOCK:Plant_Sapling_Spruce_Frozen,raw,1,1,common,misc
BLOCK:Plant_Sapling_Windwillow,raw,1,1,common,misc
BLOCK:Plant_Seaweed_Arid_Red,raw,1,1,common,misc
BLOCK:Plant_Seaweed_Arid_Short,raw,1,1,common,misc
BLOCK:Plant_Seaweed_Arid_Stack,raw,1,1,common,misc
BLOCK:Plant_Seaweed_Arid_Tall,raw,1,1,common,misc
BLOCK:Plant_Seaweed_Arid_Yellow,raw,1,1,common,misc
BLOCK:Plant_Seaweed_Dead_Eerie,raw,1,1,common,misc
BLOCK:Plant_Seaweed_Dead_Ghostly,raw,1,1,common,misc
BLOCK:Plant_Seaweed_Dead_Short,raw,1,1,common,misc
BLOCK:Plant_Seaweed_Dead_Stack,raw,1,1,common,misc
BLOCK:Plant_Seaweed_Dead_Tall,raw,1,1,common,misc
BLOCK:Plant_Seaweed_Grass,raw,1,1,common,misc
BLOCK:Plant_Seaweed_Grass_Bulbs,raw,1,1,common,misc
BLOCK:Plant_Seaweed_Grass_Green,raw,1,1,common,misc
BLOCK:Plant_Seaweed_Grass_Short,raw,1,1,common,misc
BLOCK:Plant_Seaweed_Grass_Stack,raw,1,1,common,misc
BLOCK:Plant_Seaweed_Grass_Tall,raw,1,1,common,misc
BLOCK:Plant_Seaweed_Wet_Stack,raw,1,1,common,misc
BLOCK:Plant_Seaweed_Winter_Aurora,raw,1,1,common,misc
BLOCK:Plant_Seaweed_Winter_Blue,raw,1,1,common,misc
BLOCK:Plant_Seaweed_Winter_Short,raw,1,1,common,misc
BLOCK:Plant_Seaweed_Winter_Stack,raw,1,1,common,misc
BLOCK:Plant_Seaweed_Winter_Tall,raw,1,1,common,misc
BLOCK:Plant_Seeds_Pine,raw,1,1,common,misc
BLOCK:Plant_Sunflower_Stage_0,raw,1,1,common,misc
BLOCK:Plant_Test_Tree_Block,raw,1,1,common,misc
BLOCK:Plant_Vine,raw,1,1,common,misc
BLOCK:Plant_Vine_Green_Hanging,raw,1,1,common,misc
BLOCK:Plant_Vine_Hanging,raw,1,1,common,misc
BLOCK:Plant_Vine_Jungle,raw,1,1,common,misc
BLOCK:Plant_Vine_Liana,raw,1,1,common,misc
BLOCK:Plant_Vine_Liana_End,raw,1,1,common,misc
BLOCK:Plant_Vine_Red_Hanging,raw,1,1,common,misc
BLOCK:Plant_Vine_Rug,raw,1,1,common,misc
BLOCK:Plant_Vine_Wall,raw,1,1,common,misc
BLOCK:Plant_Vine_Wall_Dead,raw,1,1,common,misc
BLOCK:Plant_Vine_Wall_Dry,raw,1,1,common,misc
BLOCK:Plant_Vine_Wall_Poisoned,raw,1,1,common,misc
BLOCK:Plant_Vine_Wall_Winter,raw,1,1,common,misc
BLOCK:Rock_Aqua,raw,1,1,common,misc
BLOCK:Rock_Aqua_Brick,raw,1,1,common,misc
BLOCK:Rock_Aqua_Brick_Decorative,raw,1,1,common,misc
BLOCK:Rock_Aqua_Brick_Ornate,raw,1,1,common,misc
BLOCK:Rock_Aqua_Brick_Smooth,raw,1,1,common,misc
BLOCK:Rock_Aqua_Cobble,raw,1,1,common,misc
BLOCK:Rock_Bedrock,raw,1,1,common,misc
BLOCK:Rock_Calcite,raw,1,1,common,misc
BLOCK:Rock_Calcite_Brick,raw,1,1,common,misc
BLOCK:Rock_Calcite_Brick_Decorative,raw,1,1,common,misc
BLOCK:Rock_Calcite_Brick_Ornate,raw,1,1,common,misc
BLOCK:Rock_Calcite_Brick_Smooth,raw,1,1,common,misc
BLOCK:Rock_Calcite_Cobble,raw,1,1,common,misc
BLOCK:Rock_Chalk,raw,1,1,common,misc
BLOCK:Rock_Gold_Brick,raw,1,1,common,misc
BLOCK:Rock_Gold_Brick_Decorative,raw,1,1,common,misc
BLOCK:Rock_Gold_Brick_Ornate,raw,1,1,common,misc
BLOCK:Rock_Gold_Brick_Smooth,raw,1,1,common,misc
BLOCK:Rock_Ledge,raw,1,1,common,misc
BLOCK:Rock_Ledge_Brick,raw,1,1,common,misc
BLOCK:Rock_Ledge_Brick_Decorative,raw,1,1,common,misc
BLOCK:Rock_Ledge_Brick_Ornate,raw,1,1,common,misc
BLOCK:Rock_Ledge_Brick_Smooth,raw,1,1,common,misc
BLOCK:Rock_Lime_Brick,raw,1,1,common,misc
BLOCK:Rock_Lime_Brick_Decorative,raw,1,1,common,misc
BLOCK:Rock_Lime_Brick_Ornate,raw,1,1,common,misc
BLOCK:Rock_Lime_Brick_Smooth,raw,1,1,common,misc
BLOCK:Rock_Lime_Cobble,raw,1,1,common,misc
BLOCK:Rock_Peach_Brick,raw,1,1,common,misc
BLOCK:Rock_Quartzite,raw,1,1,common,misc
BLOCK:Rock_Quartzite_Brick,raw,1,1,common,misc
BLOCK:Rock_Quartzite_Brick_Decorative,raw,1,1,common,misc
BLOCK:Rock_Quartzite_Brick_Ornate,raw,1,1,common,misc
BLOCK:Rock_Quartzite_Brick_Smooth,raw,1,1,common,misc
BLOCK:Rock_Quartzite_Cobble,raw,1,1,common,misc
BLOCK:Rock_Salt,raw,1,1,common,misc
BLOCK:Rubble_Aqua,raw,1,1,common,misc
BLOCK:Rubble_Aqua_Medium,raw,1,1,common,misc
BLOCK:Rubble_Calcite,raw,1,1,common,misc
BLOCK:Rubble_Calcite_Medium,raw,1,1,common,misc
BLOCK:Rubble_Ice,raw,1,1,common,misc
BLOCK:Rubble_Ice_Medium,raw,1,1,common,misc
BLOCK:Rubble_Quartzite,raw,1,1,common,misc
BLOCK:Rubble_Quartzite_Medium,raw,1,1,common,misc
BLOCK:Soil_Clay:2,raw,1,1,common,misc
BLOCK:Soil_Clay_Ocean_Brick,raw,1,1,common,misc
BLOCK:Soil_Clay_Ocean_Brick_Decorative,raw,1,1,common,misc
BLOCK:Soil_Clay_Ocean_Brick_Ornate,raw,1,1,common,misc
BLOCK:Soil_Clay_Ocean_Brick_Smooth,raw,1,1,common,misc
BLOCK:Soil_Clay_Red:2,raw,1,1,common,misc
BLOCK:Soil_Clay_Red:3,raw,1,1,common,misc
BLOCK:Soil_Dirt,raw,1,1,common,misc
BLOCK:Soil_Dirt_Burnt,raw,1,1,common,misc
BLOCK:Soil_Dirt_Cold,raw,1,1,common,misc
BLOCK:Soil_Dirt_Dry,raw,1,1,common,misc
BLOCK:Soil_Dirt_Dry:2,raw,1,1,common,misc
BLOCK:Soil_Dirt_Poisoned,raw,1,1,common,misc
BLOCK:Soil_Grass,raw,1,1,common,misc
BLOCK:Soil_Grass_Burnt,raw,1,1,common,misc
BLOCK:Soil_Grass_Cold,raw,1,1,common,misc
BLOCK:Soil_Grass_Deep,raw,1,1,common,misc
BLOCK:Soil_Grass_Dry,raw,1,1,common,misc
BLOCK:Soil_Grass_Full,raw,1,1,common,misc
BLOCK:Soil_Grass_Sunny,raw,1,1,common,misc
BLOCK:Soil_Grass_Wet,raw,1,1,common,misc
BLOCK:Soil_Gravel,raw,1,1,common,misc
BLOCK:Soil_Gravel:2,raw,1,1,common,misc
BLOCK:Soil_Gravel_Mossy,raw,1,1,common,misc
BLOCK:Soil_Gravel_Sand,raw,1,1,common,misc
BLOCK:Soil_Gravel_Sand:2,raw,1,1,common,misc
BLOCK:Soil_Gravel_Sand:3,raw,1,1,common,misc
BLOCK:Soil_Gravel_Sand:4,raw,1,1,common,misc
BLOCK:Soil_Gravel_Sand_Red,raw,1,1,common,misc
BLOCK:Soil_Gravel_Sand_White,raw,1,1,common,misc
BLOCK:Soil_Gravel_Sand_White:2,raw,1,1,common,misc
BLOCK:Soil_Pebbles,raw,1,1,common,misc
BLOCK:Soil_Pebbles_Frozen,raw,1,1,common,misc
BLOCK:Soil_Sand_Red,raw,1,1,common,misc
BLOCK:Soil_Sand_White,raw,1,1,common,misc
BLOCK:Soil_Snow,raw,1,1,common,misc
BLOCK:Soil_Snow_Half,raw,1,1,common,misc
BLOCK:Wood_Amber_Branch_Corner,raw,1,1,common,misc
BLOCK:Wood_Amber_Branch_Long,raw,1,1,common,misc
BLOCK:Wood_Amber_Branch_Short,raw,1,1,common,misc
BLOCK:Wood_Amber_Roots,raw,1,1,common,misc
BLOCK:Wood_Amber_Trunk,raw,1,1,common,misc
BLOCK:Wood_Amber_Trunk_Full,raw,1,1,common,misc
BLOCK:Wood_Ash_Branch_Corner,raw,1,1,common,misc
BLOCK:Wood_Ash_Branch_Long,raw,1,1,common,misc
BLOCK:Wood_Ash_Branch_Short,raw,1,1,common,misc
BLOCK:Wood_Ash_Roots,raw,1,1,common,misc
BLOCK:Wood_Ash_Trunk,raw,1,1,common,misc
BLOCK:Wood_Ash_Trunk_Full,raw,1,1,common,misc
BLOCK:Wood_Aspen_Branch_Corner,raw,1,1,common,misc
BLOCK:Wood_Aspen_Branch_Long,raw,1,1,common,misc
BLOCK:Wood_Aspen_Branch_Short,raw,1,1,common,misc
BLOCK:Wood_Aspen_Roots,raw,1,1,common,misc
BLOCK:Wood_Aspen_Trunk,raw,1,1,common,misc
BLOCK:Wood_Aspen_Trunk_Full,raw,1,1,common,misc
BLOCK:Wood_Azure_Branch_Corner,raw,1,1,common,misc
BLOCK:Wood_Azure_Branch_Long,raw,1,1,common,misc
BLOCK:Wood_Azure_Branch_Short,raw,1,1,common,misc
BLOCK:Wood_Azure_Roots,raw,1,1,common,misc
BLOCK:Wood_Azure_Trunk,raw,1,1,common,misc
BLOCK:Wood_Azure_Trunk_Full,raw,1,1,common,misc
BLOCK:Wood_Bamboo_Branch_Long,raw,1,1,common,misc
BLOCK:Wood_Bamboo_Trunk,raw,1,1,common,misc
BLOCK:Wood_Banyan_Branch_Corner,raw,1,1,common,misc
BLOCK:Wood_Banyan_Branch_Long,raw,1,1,common,misc
BLOCK:Wood_Banyan_Branch_Short,raw,1,1,common,misc
BLOCK:Wood_Banyan_Roots,raw,1,1,common,misc
BLOCK:Wood_Banyan_Trunk,raw,1,1,common,misc
BLOCK:Wood_Banyan_Trunk_Full,raw,1,1,common,misc
BLOCK:Wood_Beech_Branch_Corner,raw,1,1,common,misc
BLOCK:Wood_Beech_Branch_Long,raw,1,1,common,misc
BLOCK:Wood_Beech_Branch_Short,raw,1,1,common,misc
BLOCK:Wood_Beech_Roots,raw,1,1,common,misc
BLOCK:Wood_Beech_Trunk,raw,1,1,common,misc
BLOCK:Wood_Beech_Trunk_Full,raw,1,1,common,misc
BLOCK:Wood_Birch_Branch_Corner,raw,1,1,common,misc
BLOCK:Wood_Birch_Branch_Long,raw,1,1,common,misc
BLOCK:Wood_Birch_Branch_Short,raw,1,1,common,misc
BLOCK:Wood_Birch_Roots,raw,1,1,common,misc
BLOCK:Wood_Birch_Trunk,raw,1,1,common,misc
BLOCK:Wood_Birch_Trunk_Full,raw,1,1,common,misc
BLOCK:Wood_Blackwood_Decorative,raw,1,1,common,misc
BLOCK:Wood_Blackwood_Ornate,raw,1,1,common,misc
BLOCK:Wood_Blackwood_Planks,raw,1,1,common,misc
BLOCK:Wood_Bottletree_Branch_Corner,raw,1,1,common,misc
BLOCK:Wood_Bottletree_Branch_Long,raw,1,1,common,misc
BLOCK:Wood_Bottletree_Branch_Short,raw,1,1,common,misc
BLOCK:Wood_Bottletree_Roots,raw,1,1,common,misc
BLOCK:Wood_Bottletree_Trunk,raw,1,1,common,misc
BLOCK:Wood_Bottletree_Trunk_Full,raw,1,1,common,misc
BLOCK:Wood_Burnt_Branch_Corner,raw,1,1,common,misc
BLOCK:Wood_Burnt_Branch_Long,raw,1,1,common,misc
BLOCK:Wood_Burnt_Branch_Short,raw,1,1,common,misc
BLOCK:Wood_Burnt_Roots,raw,1,1,common,misc
BLOCK:Wood_Burnt_Trunk,raw,1,1,common,misc
BLOCK:Wood_Burnt_Trunk_Full,raw,1,1,common,misc
BLOCK:Wood_Camphor_Branch_Corner,raw,1,1,common,misc
BLOCK:Wood_Camphor_Branch_Long,raw,1,1,common,misc
BLOCK:Wood_Camphor_Branch_Short,raw,1,1,common,misc
BLOCK:Wood_Camphor_Roots,raw,1,1,common,misc
BLOCK:Wood_Camphor_Trunk,raw,1,1,common,misc
BLOCK:Wood_Camphor_Trunk_Full,raw,1,1,common,misc
BLOCK:Wood_Cedar_Branch_Corner,raw,1,1,common,misc
BLOCK:Wood_Cedar_Branch_Long,raw,1,1,common,misc
BLOCK:Wood_Cedar_Branch_Short,raw,1,1,common,misc
BLOCK:Wood_Cedar_Roots,raw,1,1,common,misc
BLOCK:Wood_Cedar_Trunk,raw,1,1,common,misc
BLOCK:Wood_Cedar_Trunk_Full,raw,1,1,common,misc
BLOCK:Wood_Crystal_Branch_Corner,raw,1,1,common,misc
BLOCK:Wood_Crystal_Branch_Long,raw,1,1,common,misc
BLOCK:Wood_Crystal_Branch_Short,raw,1,1,common,misc
BLOCK:Wood_Crystal_Roots,raw,1,1,common,misc
BLOCK:Wood_Crystal_Trunk,raw,1,1,common,misc
BLOCK:Wood_Crystal_Trunk_Full,raw,1,1,common,misc
BLOCK:Wood_Darkwood_Decorative,raw,1,1,common,misc
BLOCK:Wood_Darkwood_Ornate,raw,1,1,common,misc
BLOCK:Wood_Darkwood_Planks,raw,1,1,common,misc
BLOCK:Wood_Deadwood_Decorative,raw,1,1,common,misc
BLOCK:Wood_Deadwood_Ornate,raw,1,1,common,misc
BLOCK:Wood_Deadwood_Planks,raw,1,1,common,misc
BLOCK:Wood_Dry_Branch_Corner,raw,1,1,common,misc
BLOCK:Wood_Dry_Branch_Long,raw,1,1,common,misc
BLOCK:Wood_Dry_Branch_Short,raw,1,1,common,misc
BLOCK:Wood_Dry_Roots,raw,1,1,common,misc
BLOCK:Wood_Dry_Trunk,raw,1,1,common,misc
BLOCK:Wood_Dry_Trunk_Full,raw,1,1,common,misc
BLOCK:Wood_Drywood_Decorative,raw,1,1,common,misc
BLOCK:Wood_Drywood_Ornate,raw,1,1,common,misc
BLOCK:Wood_Drywood_Planks,raw,1,1,common,misc
BLOCK:Wood_Fig_Blue_Branch_Corner,raw,1,1,common,misc
BLOCK:Wood_Fig_Blue_Branch_Long,raw,1,1,common,misc
BLOCK:Wood_Fig_Blue_Branch_Short,raw,1,1,common,misc
BLOCK:Wood_Fig_Blue_Roots,raw,1,1,common,misc
BLOCK:Wood_Fig_Blue_Trunk,raw,1,1,common,misc
BLOCK:Wood_Fig_Blue_Trunk_Full,raw,1,1,common,misc
BLOCK:Wood_Fir_Branch_Corner,raw,1,1,common,misc
BLOCK:Wood_Fir_Branch_Long,raw,1,1,common,misc
BLOCK:Wood_Fir_Branch_Short,raw,1,1,common,misc
BLOCK:Wood_Fir_Roots,raw,1,1,common,misc
BLOCK:Wood_Fir_Trunk,raw,1,1,common,misc
BLOCK:Wood_Fir_Trunk_Full,raw,1,1,common,misc
BLOCK:Wood_Fire_Branch_Corner,raw,1,1,common,misc
BLOCK:Wood_Fire_Branch_Long,raw,1,1,common,misc
BLOCK:Wood_Fire_Branch_Short,raw,1,1,common,misc
BLOCK:Wood_Fire_Trunk,raw,1,1,common,misc
BLOCK:Wood_Fire_Trunk_Full,raw,1,1,common,misc
BLOCK:Wood_Gnarled_Roots,raw,1,1,common,misc
BLOCK:Wood_Goldenwood_Decorative,raw,1,1,common,misc
BLOCK:Wood_Goldenwood_Ornate,raw,1,1,common,misc
BLOCK:Wood_Goldenwood_Planks,raw,1,1,common,misc
BLOCK:Wood_Greenwood_Decorative,raw,1,1,common,misc
BLOCK:Wood_Greenwood_Ornate,raw,1,1,common,misc
BLOCK:Wood_Greenwood_Planks,raw,1,1,common,misc
BLOCK:Wood_Gumboab_Branch_Corner,raw,1,1,common,misc
BLOCK:Wood_Gumboab_Branch_Long,raw,1,1,common,misc
BLOCK:Wood_Gumboab_Branch_Short,raw,1,1,common,misc
BLOCK:Wood_Gumboab_Roots,raw,1,1,common,misc
BLOCK:Wood_Gumboab_Trunk,raw,1,1,common,misc
BLOCK:Wood_Gumboab_Trunk_Full,raw,1,1,common,misc
BLOCK:Wood_Hardwood_Decorative,raw,1,1,common,misc
BLOCK:Wood_Hardwood_Ornate,raw,1,1,common,misc
BLOCK:Wood_Hardwood_Planks,raw,1,1,common,misc
BLOCK:Wood_Ice_Trunk,raw,1,1,common,misc
BLOCK:Wood_Jungle_Branch_Corner,raw,1,1,common,misc
BLOCK:Wood_Jungle_Branch_Long,raw,1,1,common,misc
BLOCK:Wood_Jungle_Branch_Short,raw,1,1,common,misc
BLOCK:Wood_Jungle_Roots,raw,1,1,common,misc
BLOCK:Wood_Jungle_Trunk,raw,1,1,common,misc
BLOCK:Wood_Jungle_Trunk_Full,raw,1,1,common,misc
BLOCK:Wood_Lightwood_Decorative,raw,1,1,common,misc
BLOCK:Wood_Lightwood_Ornate,raw,1,1,common,misc
BLOCK:Wood_Lightwood_Planks,raw,1,1,common,misc
BLOCK:Wood_Maple_Branch_Corner,raw,1,1,common,misc
BLOCK:Wood_Maple_Branch_Long,raw,1,1,common,misc
BLOCK:Wood_Maple_Branch_Short,raw,1,1,common,misc
BLOCK:Wood_Maple_Roots,raw,1,1,common,misc
BLOCK:Wood_Maple_Trunk,raw,1,1,common,misc
BLOCK:Wood_Maple_Trunk_Full,raw,1,1,common,misc
BLOCK:Wood_Oak_Branch_Corner,raw,1,1,common,misc
BLOCK:Wood_Oak_Branch_Long,raw,1,1,common,misc
BLOCK:Wood_Oak_Branch_Short,raw,1,1,common,misc
BLOCK:Wood_Oak_Roots,raw,1,1,common,misc
BLOCK:Wood_Oak_Trunk,raw,1,1,common,misc
BLOCK:Wood_Oak_Trunk_Full,raw,1,1,common,misc
BLOCK:Wood_Palm_Branch_Corner,raw,1,1,common,misc
BLOCK:Wood_Palm_Branch_Long,raw,1,1,common,misc
BLOCK:Wood_Palm_Branch_Short,raw,1,1,common,misc
BLOCK:Wood_Palm_Roots,raw,1,1,common,misc
BLOCK:Wood_Palm_Trunk,raw,1,1,common,misc
BLOCK:Wood_Palm_Trunk_Full,raw,1,1,common,misc
BLOCK:Wood_Palo_Branch_Corner,raw,1,1,common,misc
BLOCK:Wood_Palo_Branch_Long,raw,1,1,common,misc
BLOCK:Wood_Palo_Branch_Short,raw,1,1,common,misc
BLOCK:Wood_Palo_Roots,raw,1,1,common,misc
BLOCK:Wood_Palo_Trunk,raw,1,1,common,misc
BLOCK:Wood_Palo_Trunk_Full,raw,1,1,common,misc
BLOCK:Wood_Petrified_Branch_Corner,raw,1,1,common,misc
BLOCK:Wood_Petrified_Branch_Long,raw,1,1,common,misc
BLOCK:Wood_Petrified_Branch_Short,raw,1,1,common,misc
BLOCK:Wood_Petrified_Roots,raw,1,1,common,misc
BLOCK:Wood_Petrified_Trunk,raw,1,1,common,misc
BLOCK:Wood_Petrified_Trunk_Full,raw,1,1,common,misc
BLOCK:Wood_Poisoned_Branch_Corner,raw,1,1,common,misc
BLOCK:Wood_Poisoned_Branch_Long,raw,1,1,common,misc
BLOCK:Wood_Poisoned_Branch_Short,raw,1,1,common,misc
BLOCK:Wood_Poisoned_Roots,raw,1,1,common,misc
BLOCK:Wood_Poisoned_Trunk,raw,1,1,common,misc
BLOCK:Wood_Poisoned_Trunk_Full,raw,1,1,common,misc
BLOCK:Wood_Redwood_Branch_Corner,raw,1,1,common,misc
BLOCK:Wood_Redwood_Branch_Long,raw,1,1,common,misc
BLOCK:Wood_Redwood_Branch_Short,raw,1,1,common,misc
BLOCK:Wood_Redwood_Decorative,raw,1,1,common,misc
BLOCK:Wood_Redwood_Ornate,raw,1,1,common,misc
BLOCK:Wood_Redwood_Planks,raw,1,1,common,misc
BLOCK:Wood_Redwood_Roots,raw,1,1,common,misc
BLOCK:Wood_Redwood_Trunk,raw,1,1,common,misc
BLOCK:Wood_Redwood_Trunk_Full,raw,1,1,common,misc
BLOCK:Wood_Sallow_Branch_Corner,raw,1,1,common,misc
BLOCK:Wood_Sallow_Branch_Long,raw,1,1,common,misc
BLOCK:Wood_Sallow_Branch_Short,raw,1,1,common,misc
BLOCK:Wood_Sallow_Roots,raw,1,1,common,misc
BLOCK:Wood_Sallow_Trunk,raw,1,1,common,misc
BLOCK:Wood_Sallow_Trunk_Full,raw,1,1,common,misc
BLOCK:Wood_Softwood_Decorative,raw,1,1,common,misc
BLOCK:Wood_Softwood_Ornate,raw,1,1,common,misc
BLOCK:Wood_Softwood_Planks,raw,1,1,common,misc
BLOCK:Wood_Spiral_Branch_Corner,raw,1,1,common,misc
BLOCK:Wood_Spiral_Branch_Long,raw,1,1,common,misc
BLOCK:Wood_Spiral_Branch_Short,raw,1,1,common,misc
BLOCK:Wood_Spiral_Roots,raw,1,1,common,misc
BLOCK:Wood_Spiral_Trunk,raw,1,1,common,misc
BLOCK:Wood_Spiral_Trunk_Full,raw,1,1,common,misc
BLOCK:Wood_Sticks,raw,1,1,common,misc
BLOCK:Wood_Stormbark_Branch_Corner,raw,1,1,common,misc
BLOCK:Wood_Stormbark_Branch_Long,raw,1,1,common,misc
BLOCK:Wood_Stormbark_Branch_Short,raw,1,1,common,misc
BLOCK:Wood_Stormbark_Roots,raw,1,1,common,misc
BLOCK:Wood_Stormbark_Trunk,raw,1,1,common,misc
BLOCK:Wood_Stormbark_Trunk_Full,raw,1,1,common,misc
BLOCK:Wood_Tropicalwood_Decorative,raw,1,1,common,misc
BLOCK:Wood_Tropicalwood_Ornate,raw,1,1,common,misc
BLOCK:Wood_Tropicalwood_Planks,raw,1,1,common,misc
BLOCK:Wood_Windwillow_Branch_Corner,raw,1,1,common,misc
BLOCK:Wood_Windwillow_Branch_Long,raw,1,1,common,misc
BLOCK:Wood_Windwillow_Branch_Short,raw,1,1,common,misc
BLOCK:Wood_Windwillow_Roots,raw,1,1,common,misc
BLOCK:Wood_Windwillow_Trunk,raw,1,1,common,misc
BLOCK:Wood_Windwillow_Trunk_Full,raw,1,1,common,misc
BLOCK:Wood_Wisteria_Wild_Branch_Corner,raw,1,1,common,misc
BLOCK:Wood_Wisteria_Wild_Branch_Long,raw,1,1,common,misc
BLOCK:Wood_Wisteria_Wild_Branch_Short,raw,1,1,common,misc
BLOCK:Wood_Wisteria_Wild_Roots,raw,1,1,common,misc
BLOCK:Wood_Wisteria_Wild_Trunk,raw,1,1,common,misc
BLOCK:Wood_Wisteria_Wild_Trunk_Full,raw,1,1,common,misc
CLOTH:cinder_cloth,cloth,2,2,uncommon,cloth_processing
CLOTH:linen_scraps,cloth,2,1,common,cloth_processing
CLOTH:scraps,cloth,3,1,,cloth_processing
CLOTH:shadow_weave,cloth,1,3,rare,cloth_processing
CROP:apple,crop,4,1,common,crop
CROP:carrot,crop,1,1,common,crop
CROP:potato,crop,1,1,common,crop
CROP:wheat,crop,1,1,common,crop
CRYSTAL:blue,crystal,1,4,very_rare,crystal
CRYSTAL:cyan,crystal,1,4,very_rare,crystal
CRYSTAL:green,crystal,1,4,very_rare,crystal
CRYSTAL:purple,crystal,1,4,very_rare,crystal
CRYSTAL:red,crystal,1,4,very_rare,crystal
CRYSTAL:white,crystal,1,4,very_rare,crystal
CRYSTAL:yellow,crystal,1,4,very_rare,crystal
ESSENCE:fire,essence,1,1,common,misc
ESSENCE:generic,essence,2,1,common,misc
ESSENCE:ice,essence,1,1,common,misc
ESSENCE:life,essence,2,1,common,misc
ESSENCE:void,essence,1,1,common,misc
ESSENCE:water,essence,1,1,common,misc
GEM:diamond,gem,1,4,very_rare,gem
GEM:emerald,gem,1,4,very_rare,gem
GEM:ruby,gem,1,4,very_rare,gem
GEM:sapphire,gem,1,4,very_rare,gem
HIDE:generic,hide,3,1,,hide_drop
HIDE:heavy,hide,1,2,rare,hide_drop_t3
HIDE:light,hide,1,1,uncommon,hide_drop_t1
HIDE:medium,hide,1,2,uncommon,hide_drop_t2
HIDE:prism,hide,1,4,very_rare,hide_drop_prism
HIDE:storm,hide,1,3,rare,hide_drop_storm
ITEM:Armor_Adamantite_Chest,raw,1,1,,gear
ITEM:Armor_Adamantite_Hands,raw,1,1,,gear
ITEM:Armor_Adamantite_Head,raw,1,1,,gear
ITEM:Armor_Adamantite_Legs,raw,1,1,,gear
ITEM:Armor_Cloth_Cindercloth_Chest,raw,1,1,,gear
ITEM:Armor_Cloth_Cindercloth_Hands,raw,1,1,,gear
ITEM:Armor_Cloth_Cindercloth_Head,raw,1,1,,gear
ITEM:Armor_Cloth_Cindercloth_Legs,raw,1,1,,gear
ITEM:Armor_Cloth_Cotton_Chest,raw,1,1,,gear
ITEM:Armor_Cloth_Cotton_Hands,raw,1,1,,gear
ITEM:Armor_Cloth_Cotton_Head,raw,1,1,,gear
ITEM:Armor_Cloth_Cotton_Legs,raw,1,1,,gear
ITEM:Armor_Cloth_Linen_Chest,raw,1,1,,gear
ITEM:Armor_Cloth_Linen_Hands,raw,1,1,,gear
ITEM:Armor_Cloth_Linen_Head,raw,1,1,,gear
ITEM:Armor_Cloth_Linen_Legs,raw,1,1,,gear
ITEM:Armor_Cloth_Silk_Chest,raw,1,1,,gear
ITEM:Armor_Cloth_Silk_Hands,raw,1,1,,gear
ITEM:Armor_Cloth_Silk_Head,raw,1,1,,gear
ITEM:Armor_Cloth_Silk_Legs,raw,1,1,,gear
ITEM:Armor_Cloth_Wool_Chest,raw,1,1,,gear
ITEM:Armor_Cloth_Wool_Hands,raw,1,1,,gear
ITEM:Armor_Cloth_Wool_Head,raw,1,1,,gear
ITEM:Armor_Cloth_Wool_Legs,raw,1,1,,gear
ITEM:Armor_Cobalt_Chest,raw,1,1,,gear
ITEM:Armor_Cobalt_Hands,raw,1,1,,gear
ITEM:Armor_Cobalt_Head,raw,1,1,,gear
ITEM:Armor_Cobalt_Legs,raw,1,1,,gear
ITEM:Armor_Copper_Chest,raw,1,1,,gear
ITEM:Armor_Copper_Hands,raw,1,1,,gear
ITEM:Armor_Copper_Head,raw,1,1,,gear
ITEM:Armor_Copper_Legs,raw,1,1,,gear
ITEM:Armor_Diving_Crude_Chest,raw,1,1,,gear
ITEM:Armor_Diving_Crude_Hands,raw,1,1,,gear
ITEM:Armor_Diving_Crude_Head,raw,1,1,,gear
ITEM:Armor_Diving_Crude_Legs,raw,1,1,,gear
ITEM:Armor_Iron_Chest,raw,1,1,,gear
ITEM:Armor_Iron_Hands,raw,1,1,,gear
ITEM:Armor_Iron_Head,raw,1,1,,gear
ITEM:Armor_Iron_Legs,raw,1,1,,gear
ITEM:Armor_Kweebec_Chest,raw,1,1,,gear
ITEM:Armor_Kweebec_Head,raw,1,1,,gear
ITEM:Armor_Leather_Heavy_Chest,raw,1,1,,gear
ITEM:Armor_Leather_Heavy_Hands,raw,1,1,,gear
ITEM:Armor_Leather_Heavy_Head,raw,1,1,,gear
ITEM:Armor_Leather_Heavy_Legs,raw,1,1,,gear
ITEM:Armor_Leather_Light_Chest,raw,1,1,,gear
ITEM:Armor_Leather_Light_Hands,raw,1,1,,gear
ITEM:Armor_Leather_Light_Head,raw,1,1,,gear
ITEM:Armor_Leather_Light_Legs,raw,1,1,,gear
ITEM:Armor_Leather_Medium_Chest,raw,1,1,,gear
ITEM:Armor_Leather_Medium_Hands,raw,1,1,,gear
ITEM:Armor_Leather_Medium_Head,raw,1,1,,gear
ITEM:Armor_Leather_Medium_Legs,raw,1,1,,gear
ITEM:Armor_Leather_Raven_Chest,raw,1,1,,gear
ITEM:Armor_Leather_Raven_Hands,raw,1,1,,gear
ITEM:Armor_Leather_Raven_Head,raw,1,1,,gear
ITEM:Armor_Leather_Raven_Legs,raw,1,1,,gear
ITEM:Armor_Leather_Soft_Chest,raw,1,1,,gear
ITEM:Armor_Leather_Soft_Hands,raw,1,1,,gear
ITEM:Armor_Leather_Soft_Head,raw,1,1,,gear
ITEM:Armor_Leather_Soft_Legs,raw,1,1,,gear
ITEM:Armor_Mithril_Chest,raw,1,1,,gear
ITEM:Armor_Mithril_Hands,raw,1,1,,gear
ITEM:Armor_Mithril_Head,raw,1,1,,gear
ITEM:Armor_Mithril_Legs,raw,1,1,,gear
ITEM:Armor_Onyxium_Chest,raw,1,1,,gear
ITEM:Armor_Onyxium_Hands,raw,1,1,,gear
ITEM:Armor_Onyxium_Head,raw,1,1,,gear
ITEM:Armor_Onyxium_Legs,raw,1,1,,gear
ITEM:Armor_Steel_Ancient_Chest,raw,1,1,,gear
ITEM:Armor_Steel_Ancient_Hands,raw,1,1,,gear
ITEM:Armor_Steel_Ancient_Head,raw,1,1,,gear
ITEM:Armor_Steel_Ancient_Legs,raw,1,1,,gear
ITEM:Armor_Thorium_Chest,raw,1,1,,gear
ITEM:Armor_Thorium_Hands,raw,1,1,,gear
ITEM:Armor_Thorium_Head,raw,1,1,,gear
ITEM:Armor_Thorium_Legs,raw,1,1,,gear
ITEM:Armor_Trork_Chest,raw,1,1,,gear
ITEM:Armor_Trork_Hands,raw,1,1,,gear
ITEM:Armor_Trork_Head,raw,1,1,,gear
ITEM:Armor_Trork_Legs,raw,1,1,,gear
ITEM:Armor_Wood_Chest,raw,1,1,,gear
ITEM:Armor_Wood_Hands,raw,1,1,,gear
ITEM:Armor_Wood_Head,raw,1,1,,gear
ITEM:Armor_Wood_Legs,raw,1,1,,gear
ITEM:Bench_Furnace,raw,1,1,common,misc
ITEM:Bench_WorkBench,raw,1,1,common,misc
ITEM:Big_Rex_Cave_Leather,raw,1,1,common,misc
ITEM:Cloth_Block_Wool_Black,raw,1,1,common,misc
ITEM:Cloth_Block_Wool_Blue,raw,1,1,common,misc
ITEM:Cloth_Block_Wool_Cyan,raw,1,1,common,misc
ITEM:Cloth_Block_Wool_Cyan_Light,raw,1,1,common,misc
ITEM:Cloth_Block_Wool_Gray,raw,1,1,common,misc
ITEM:Cloth_Block_Wool_Green,raw,1,1,common,misc
ITEM:Cloth_Block_Wool_Orange,raw,1,1,common,misc
ITEM:Cloth_Block_Wool_Pink,raw,1,1,common,misc
ITEM:Cloth_Block_Wool_Purple,raw,1,1,common,misc
ITEM:Cloth_Block_Wool_Red,raw,1,1,common,misc
ITEM:Cloth_Block_Wool_White,raw,1,1,common,misc
ITEM:Cloth_Block_Wool_Yellow,raw,1,1,common,misc
ITEM:Cloth_Block_Wool_Yellow_Light,raw,1,1,common,misc
ITEM:Cloth_Roof_Blue,raw,1,1,common,misc
ITEM:Cloth_Roof_Blue_Flap,raw,1,1,common,misc
ITEM:Cloth_Roof_Blue_Flat,raw,1,1,common,misc
ITEM:Cloth_Roof_Blue_Vertical,raw,1,1,common,misc
ITEM:Cloth_Roof_Green,raw,1,1,common,misc
ITEM:Cloth_Roof_Green_Flap,raw,1,1,common,misc
ITEM:Cloth_Roof_Green_Flat,raw,1,1,common,misc
ITEM:Cloth_Roof_Green_Vertical,raw,1,1,common,misc
ITEM:Cloth_Roof_Hide,raw,1,1,common,misc
ITEM:Cloth_Roof_Hide_Flap,raw,1,1,common,misc
ITEM:Cloth_Roof_Hide_Flat,raw,1,1,common,misc
ITEM:Cloth_Roof_Hide_Vertical,raw,1,1,common,misc
ITEM:Cloth_Roof_Leather,raw,1,1,common,misc
ITEM:Cloth_Roof_Leather_Flap,raw,1,1,common,misc
ITEM:Cloth_Roof_Leather_Flat,raw,1,1,common,misc
ITEM:Cloth_Roof_Leather_Vertical,raw,1,1,common,misc
ITEM:Cloth_Roof_Orange,raw,1,1,common,misc
ITEM:Cloth_Roof_Orange_Flap,raw,1,1,common,misc
ITEM:Cloth_Roof_Orange_Flat,raw,1,1,common,misc
ITEM:Cloth_Roof_Orange_Vertical,raw,1,1,common,misc
ITEM:Cloth_Roof_Red,raw,1,1,common,misc
ITEM:Cloth_Roof_Red_Flap,raw,1,1,common,misc
ITEM:Cloth_Roof_Red_Flat,raw,1,1,common,misc
ITEM:Cloth_Roof_Red_Vertical,raw,1,1,common,misc
ITEM:Cloth_Roof_White,raw,1,1,common,misc
ITEM:Cloth_Roof_White_Flap,raw,1,1,common,misc
ITEM:Cloth_Roof_White_Flat,raw,1,1,common,misc
ITEM:Cloth_Roof_White_Vertical,raw,1,1,common,misc
ITEM:Cloth_Roof_Yellow,raw,1,1,common,misc
ITEM:Cloth_Roof_Yellow_Flap,raw,1,1,common,misc
ITEM:Cloth_Roof_Yellow_Flat,raw,1,1,common,misc
ITEM:Cloth_Roof_Yellow_Vertical,raw,1,1,common,misc
ITEM:Container_Bucket,raw,1,1,common,misc
ITEM:Deco_Bone_Full,raw,1,1,common,misc
ITEM:Deco_Bone_Skulls,raw,1,1,common,misc
ITEM:Deco_Book_Pile_Large,raw,1,1,common,misc
ITEM:Deco_Coral_Shell,raw,1,1,common,misc
ITEM:Deco_Coral_Shell_Purple,raw,1,1,common,misc
ITEM:Deco_Coral_Shell_Sanddollar,raw,1,1,common,misc
ITEM:Deco_Coral_Shell_Swirly,raw,1,1,common,misc
ITEM:Deco_Iron_Bars,raw,1,1,common,misc
ITEM:Deco_Lantern,raw,1,1,common,misc
ITEM:Deco_Mug,raw,1,1,common,misc
ITEM:Deco_Rope,raw,1,1,common,misc
ITEM:Deco_Starfish,raw,1,1,common,misc
ITEM:Deco_Trash,raw,1,1,common,misc
ITEM:Deco_Trash_Pile_Large,raw,1,1,common,misc
ITEM:Deco_Trash_Pile_Small,raw,1,1,common,misc
ITEM:Deco_Treasure,raw,1,1,common,misc
ITEM:Deco_Treasure_Pile_Large,raw,1,1,common,misc
ITEM:Deco_Treasure_Pile_Small,raw,1,1,common,misc
ITEM:Dragon_Heart,raw,1,1,common,misc
ITEM:Egg_Spawner_Endgame_Dragon_Frost,raw,1,1,common,misc
ITEM:Endgame_Daggers_Prisma,raw,1,1,common,misc
ITEM:Endgame_Flocon_Currency,raw,1,1,common,misc
ITEM:Endgame_Frozen_Sword,raw,1,1,common,misc
ITEM:Endgame_Portal_Luminia,raw,1,1,common,misc
ITEM:Endgame_Potion_Mana,raw,1,1,common,misc
ITEM:Endgame_Potion_Mana_Large,raw,1,1,common,misc
ITEM:Endgame_Potion_Mana_Small,raw,1,1,common,misc
ITEM:Endgame_Potion_Regen_Mana_Large,raw,1,1,common,misc
ITEM:Endgame_Potion_Regen_Mana_Small,raw,1,1,common,misc
ITEM:Endgame_Sword_Prisma,raw,1,1,common,misc
ITEM:Endgame_Weapon_Staff_Mithril,raw,1,1,,gear
ITEM:Endgame_Weapon_Staff_Onyxium,raw,1,1,,gear
ITEM:Fish_Bluegill_Item,raw,1,1,common,misc
ITEM:Fish_Catfish_Item,raw,1,1,common,misc
ITEM:Fish_Clownfish_Item,raw,1,1,common,misc
ITEM:Fish_Crab_Item,raw,1,1,common,misc
ITEM:Fish_Eel_Moray_Item,raw,1,1,common,misc
ITEM:Fish_Frostgill_Item,raw,1,1,common,misc
ITEM:Fish_Jellyfish_Blue_Item,raw,1,1,common,misc
ITEM:Fish_Jellyfish_Cyan_Item,raw,1,1,common,misc
ITEM:Fish_Jellyfish_Green_Item,raw,1,1,common,misc
ITEM:Fish_Jellyfish_Man_Of_War_Item,raw,1,1,common,misc
ITEM:Fish_Jellyfish_Red_Item,raw,1,1,common,misc
ITEM:Fish_Jellyfish_Yellow_Item,raw,1,1,common,misc
ITEM:Fish_Lobster_Item,raw,1,1,common,misc
ITEM:Fish_Minnow_Item,raw,1,1,common,misc
ITEM:Fish_Pike_Item,raw,1,1,common,misc
ITEM:Fish_Piranha_Black_Item,raw,1,1,common,misc
ITEM:Fish_Piranha_Item,raw,1,1,common,misc
ITEM:Fish_Pufferfish_Item,raw,1,1,common,misc
ITEM:Fish_Salmon_Item,raw,1,1,common,misc
ITEM:Fish_Shark_Hammerhead_Item,raw,1,1,common,misc
ITEM:Fish_Shellfish_Lava_Item,raw,1,1,common,misc
ITEM:Fish_Snapjaw_Item,raw,1,1,common,misc
ITEM:Fish_Tang_Blue_Item,raw,1,1,common,misc
ITEM:Fish_Tang_Chevron_Item,raw,1,1,common,misc
ITEM:Fish_Tang_Lemon_Peel_Item,raw,1,1,common,misc
ITEM:Fish_Tang_Sailfin_Item,raw,1,1,common,misc
ITEM:Fish_Trilobite_Black_Item,raw,1,1,common,misc
ITEM:Fish_Trilobite_Item,raw,1,1,common,misc
ITEM:Fish_Trout_Rainbow_Item,raw,1,1,common,misc
ITEM:Fish_Whale_Humpback_Item,raw,1,1,common,misc
ITEM:Food_Beef_Raw,raw,1,1,common,misc
ITEM:Food_Bread,raw,1,1,common,misc
ITEM:Food_Cheese,raw,1,1,common,misc
ITEM:Food_Chicken_Raw,raw,1,1,common,misc
ITEM:Food_Egg,raw,1,1,common,misc
ITEM:Food_Fish_Grilled,raw,1,1,common,misc
ITEM:Food_Fish_Raw,raw,1,1,common,misc
ITEM:Food_Kebab_Fruit,raw,1,1,common,misc
ITEM:Food_Kebab_Meat,raw,1,1,common,misc
ITEM:Food_Kebab_Mushroom,raw,1,1,common,misc
ITEM:Food_Kebab_Vegetable,raw,1,1,common,misc
ITEM:Food_Meat_Kebab,raw,1,1,common,misc
ITEM:Food_Meat_Raw_Alpha_Trex,raw,1,1,common,misc
ITEM:Food_Pie_Meat,raw,1,1,common,misc
ITEM:Food_Pie_Pumpkin,raw,1,1,common,misc
ITEM:Food_Popcorn,raw,1,1,common,misc
ITEM:Food_Pork_Raw,raw,1,1,common,misc
ITEM:Food_Salad_Berry,raw,1,1,common,misc
ITEM:Food_Salad_Caesar,raw,1,1,common,misc
ITEM:Food_Salad_Mushroom,raw,1,1,common,misc
ITEM:Food_Vegetable_Cooked,raw,1,1,common,misc
ITEM:Food_Wildmeat_Cooked,raw,1,1,common,misc
ITEM:Food_Wildmeat_Raw,raw,1,1,common,misc
ITEM:Furniture_Ancient_Chest_Small,raw,1,1,common,misc
ITEM:Furniture_Construction_Sign,raw,1,1,common,misc
ITEM:Furniture_Crude_Bed,raw,1,1,common,misc
ITEM:Furniture_Crude_Brazier,raw,1,1,common,misc
ITEM:Furniture_Crude_Candle,raw,1,1,common,misc
ITEM:Furniture_Crude_Chest_Small,raw,1,1,common,misc
ITEM:Furniture_Crude_Torch,raw,1,1,common,misc
ITEM:Furniture_Desert_Chest_Small,raw,1,1,common,misc
ITEM:Furniture_Desert_Lantern,raw,1,1,common,misc
ITEM:Furniture_Feran_Chest_Small,raw,1,1,common,misc
ITEM:Furniture_Feran_Torch,raw,1,1,common,misc
ITEM:Furniture_Frozen_Castle_Chest_Small,raw,1,1,common,misc
ITEM:Furniture_Human_Ruins_Chest_Small,raw,1,1,common,misc
ITEM:Furniture_Human_Ruins_Lantern,raw,1,1,common,misc
ITEM:Furniture_Jungle_Candle,raw,1,1,common,misc
ITEM:Furniture_Jungle_Chest_Small,raw,1,1,common,misc
ITEM:Furniture_Kweebec_Chest_Small,raw,1,1,common,misc
ITEM:Furniture_Kweebec_Lantern,raw,1,1,common,misc
ITEM:Furniture_Lumberjack_Chest_Small,raw,1,1,common,misc
ITEM:Furniture_Royal_Magic_Chest_Small,raw,1,1,common,misc
ITEM:Furniture_Royal_Magic_Potion_Glow,raw,1,1,common,misc
ITEM:Furniture_Scarak_Hive_Chest_Small,raw,1,1,common,misc
ITEM:Furniture_Tavern_Chest_Small,raw,1,1,common,misc
ITEM:Furniture_Temple_Dark_Chest_Small,raw,1,1,common,misc
ITEM:Furniture_Temple_Emerald_Chest_Small,raw,1,1,common,misc
ITEM:Furniture_Temple_Light_Chest_Small,raw,1,1,common,misc
ITEM:Furniture_Temple_Light_Lantern,raw,1,1,common,misc
ITEM:Furniture_Temple_Scarak_Chest_Small,raw,1,1,common,misc
ITEM:Furniture_Temple_Wind_Chest_Small,raw,1,1,common,misc
ITEM:Furniture_Village_Chest_Small,raw,1,1,common,misc
ITEM:Hedera_Gem,raw,1,1,common,misc
ITEM:Ingredient_Bolt_Cotton,raw,1,1,common,misc
ITEM:Ingredient_Bolt_Silk,raw,1,1,common,misc
ITEM:Ingredient_Bolt_Wool,raw,1,1,common,misc
ITEM:Ingredient_Bone_Fragment,raw,1,1,common,misc
ITEM:Ingredient_Charcoal,raw,1,1,common,misc
ITEM:Ingredient_Chitin_Sturdy,raw,1,1,common,misc
ITEM:Ingredient_Dough,raw,1,1,common,misc
ITEM:Ingredient_Feathers_Blue,raw,1,1,common,misc
ITEM:Ingredient_Feathers_Dark,raw,1,1,common,misc
ITEM:Ingredient_Feathers_Light,raw,1,1,common,misc
ITEM:Ingredient_Feathers_Red,raw,1,1,common,misc
ITEM:Ingredient_Flour,raw,1,1,common,misc
ITEM:Ingredient_Poop,raw,1,1,common,misc
ITEM:Ingredient_Powder_Boom,raw,1,1,common,misc
ITEM:Ingredient_Sac_Venom,raw,1,1,common,misc
ITEM:Ingredient_Salt,raw,1,1,common,misc
ITEM:Ingredient_Spices,raw,1,1,common,misc
ITEM:Ingredient_Tree_Bark,raw,1,1,common,misc
ITEM:Ingredient_Voidheart,raw,1,1,common,misc
ITEM:Plant_Cactus_1,raw,1,1,common,misc
ITEM:Plant_Cactus_2,raw,1,1,common,misc
ITEM:Plant_Cactus_3,raw,1,1,common,misc
ITEM:Plant_Cactus_Flower,raw,1,1,common,misc
ITEM:Plant_Crop_Aubergine_Item,raw,1,1,common,misc
ITEM:Plant_Crop_Berry_Block,raw,1,1,common,misc
ITEM:Plant_Crop_Berry_Wet_Block,raw,1,1,common,misc
ITEM:Plant_Crop_Berry_Winter_Block,raw,1,1,common,misc
ITEM:Plant_Crop_Cauliflower_Item,raw,1,1,common,misc
ITEM:Plant_Crop_Chilli_Item,raw,1,1,common,misc
ITEM:Plant_Crop_Corn_Item,raw,1,1,common,misc
ITEM:Plant_Crop_Cotton_Item,raw,1,1,common,misc
ITEM:Plant_Crop_Health1,raw,1,1,common,misc
ITEM:Plant_Crop_Health2,raw,1,1,common,misc
ITEM:Plant_Crop_Health3,raw,1,1,common,misc
ITEM:Plant_Crop_Lettuce_Item,raw,1,1,common,misc
ITEM:Plant_Crop_Mana1,raw,1,1,common,misc
ITEM:Plant_Crop_Mana2,raw,1,1,common,misc
ITEM:Plant_Crop_Mana3,raw,1,1,common,misc
ITEM:Plant_Crop_Mushroom_Cap_Red,raw,1,1,common,misc
ITEM:Plant_Crop_Mushroom_Common_Blue,raw,1,1,common,misc
ITEM:Plant_Crop_Mushroom_Flatcap_Blue,raw,1,1,common,misc
ITEM:Plant_Crop_Mushroom_Glowing_Blue,raw,1,1,common,misc
ITEM:Plant_Crop_Onion_Item,raw,1,1,common,misc
ITEM:Plant_Crop_Pumpkin_Item,raw,1,1,common,misc
ITEM:Plant_Crop_Rice_Item,raw,1,1,common,misc
ITEM:Plant_Crop_Stamina1,raw,1,1,common,misc
ITEM:Plant_Crop_Stamina2,raw,1,1,common,misc
ITEM:Plant_Crop_Stamina3,raw,1,1,common,misc
ITEM:Plant_Crop_Tomato_Item,raw,1,1,common,misc
ITEM:Plant_Crop_Turnip_Item,raw,1,1,common,misc
ITEM:Plant_Flower_Orchid_Blue,raw,1,1,common,misc
ITEM:Plant_Flower_Tall_Yellow,raw,1,1,common,misc
ITEM:Plant_Flower_Water_Blue,raw,1,1,common,misc
ITEM:Plant_Flower_Water_Duckweed,raw,1,1,common,misc
ITEM:Plant_Flower_Water_Green,raw,1,1,common,misc
ITEM:Plant_Flower_Water_Purple,raw,1,1,common,misc
ITEM:Plant_Flower_Water_Red,raw,1,1,common,misc
ITEM:Plant_Flower_Water_White,raw,1,1,common,misc
ITEM:Plant_Fruit_Berries_Red,raw,1,1,common,misc
ITEM:Plant_Fruit_Windwillow,raw,1,1,common,misc
ITEM:Plant_Moss_Blue,raw,1,1,common,misc
ITEM:Plant_Moss_Green,raw,1,1,common,misc
ITEM:Plant_Moss_Green_Dark,raw,1,1,common,misc
ITEM:Plant_Moss_Red,raw,1,1,common,misc
ITEM:Plant_Moss_Yellow,raw,1,1,common,misc
ITEM:Plant_Petals_Azure,raw,1,1,common,misc
ITEM:Plant_Petals_Black,raw,1,1,common,misc
ITEM:Plant_Petals_Blood,raw,1,1,common,misc
ITEM:Plant_Petals_Blue,raw,1,1,common,misc
ITEM:Plant_Petals_Cyan,raw,1,1,common,misc
ITEM:Plant_Petals_Green,raw,1,1,common,misc
ITEM:Plant_Petals_Orange,raw,1,1,common,misc
ITEM:Plant_Petals_Pink,raw,1,1,common,misc
ITEM:Plant_Petals_Purple,raw,1,1,common,misc
ITEM:Plant_Petals_Red,raw,1,1,common,misc
ITEM:Plant_Petals_Storm,raw,1,1,common,misc
ITEM:Plant_Petals_White,raw,1,1,common,misc
ITEM:Plant_Petals_Yellow,raw,1,1,common,misc
ITEM:Plant_Sapling_Ash,raw,1,1,common,misc
ITEM:Plant_Sapling_Beech,raw,1,1,common,misc
ITEM:Plant_Sapling_Birch,raw,1,1,common,misc
ITEM:Plant_Sapling_Cedar,raw,1,1,common,misc
ITEM:Plant_Sapling_Dry,raw,1,1,common,misc
ITEM:Plant_Sapling_Oak,raw,1,1,common,misc
ITEM:Plant_Sapling_Palm,raw,1,1,common,misc
ITEM:Plant_Sapling_Redwood,raw,1,1,common,misc
ITEM:Plant_Sapling_Spruce,raw,1,1,common,misc
ITEM:Plant_Sapling_Spruce_Frozen,raw,1,1,common,misc
ITEM:Potion_Antidote,raw,1,1,common,misc
ITEM:Potion_Empty,raw,1,1,common,misc
ITEM:Potion_Health,raw,1,1,common,misc
ITEM:Potion_Health_Greater,raw,1,1,common,misc
ITEM:Potion_Health_Large,raw,1,1,common,misc
ITEM:Potion_Health_Lesser,raw,1,1,common,misc
ITEM:Potion_Purify,raw,1,1,common,misc
ITEM:Potion_Regen_Health,raw,1,1,common,misc
ITEM:Potion_Regen_Health_Large,raw,1,1,common,misc
ITEM:Potion_Regen_Stamina_Large,raw,1,1,common,misc
ITEM:Potion_Signature_Greater,raw,1,1,common,misc
ITEM:Potion_Signature_Lesser,raw,1,1,common,misc
ITEM:Potion_Stamina_Greater,raw,1,1,common,misc
ITEM:Potion_Stamina_Lesser,raw,1,1,common,misc
ITEM:Prototype_Goldenwood_Roof_Gutter_Slope,raw,1,1,common,misc
ITEM:Prototype_Rock_Concrete_Brick_Roof,raw,1,1,common,misc
ITEM:Prototype_Rock_Concrete_Brick_Roof_Shallow,raw,1,1,common,misc
ITEM:Prototype_Rock_Concrete_Brick_Roof_Steep,raw,1,1,common,misc
ITEM:Prototype_Rock_Concrete_Brick_Wall,raw,1,1,common,misc
ITEM:Prototype_Softwood_Roof_Gutter_Slope,raw,1,1,common,misc
ITEM:Recipe_Book_Magic_Air,raw,1,1,common,misc
ITEM:Recipe_Book_Magic_Void,raw,1,1,common,misc
ITEM:Recipe_Food_Pie_Meat,raw,1,1,common,misc
ITEM:Recipe_Food_Pie_Pumpkin,raw,1,1,common,misc
ITEM:Recipe_Food_Salad_Caesar,raw,1,1,common,misc
ITEM:Rock_Aqua_Brick_Pillar_Base,raw,1,1,common,misc
ITEM:Rock_Aqua_Brick_Roof,raw,1,1,common,misc
ITEM:Rock_Aqua_Brick_Roof_Shallow,raw,1,1,common,misc
ITEM:Rock_Aqua_Brick_Roof_Steep,raw,1,1,common,misc
ITEM:Rock_Aqua_Brick_Stairs,raw,1,1,common,misc
ITEM:Rock_Aqua_Brick_Wall,raw,1,1,common,misc
ITEM:Rock_Aqua_Cobble,raw,1,1,common,misc
ITEM:Rock_Aqua_Cobble_Beam,raw,1,1,common,misc
ITEM:Rock_Aqua_Cobble_Half,raw,1,1,common,misc
ITEM:Rock_Aqua_Cobble_Roof,raw,1,1,common,misc
ITEM:Rock_Aqua_Cobble_Roof_Flat,raw,1,1,common,misc
ITEM:Rock_Aqua_Cobble_Roof_Hollow,raw,1,1,common,misc
ITEM:Rock_Aqua_Cobble_Roof_Shallow,raw,1,1,common,misc
ITEM:Rock_Aqua_Cobble_Roof_Steep,raw,1,1,common,misc
ITEM:Rock_Aqua_Cobble_Stairs,raw,1,1,common,misc
ITEM:Rock_Aqua_Cobble_Wall,raw,1,1,common,misc
ITEM:Rock_Basalt_Brick_Roof,raw,1,1,common,misc
ITEM:Rock_Basalt_Brick_Roof_Shallow,raw,1,1,common,misc
ITEM:Rock_Basalt_Brick_Roof_Steep,raw,1,1,common,misc
ITEM:Rock_Basalt_Brick_Stairs,raw,1,1,common,misc
ITEM:Rock_Basalt_Brick_Wall,raw,1,1,common,misc
ITEM:Rock_Basalt_Cobble,raw,1,1,common,misc
ITEM:Rock_Basalt_Cobble_Beam,raw,1,1,common,misc
ITEM:Rock_Basalt_Cobble_Half,raw,1,1,common,misc
ITEM:Rock_Basalt_Cobble_Roof,raw,1,1,common,misc
ITEM:Rock_Basalt_Cobble_Roof_Flat,raw,1,1,common,misc
ITEM:Rock_Basalt_Cobble_Roof_Hollow,raw,1,1,common,misc
ITEM:Rock_Basalt_Cobble_Roof_Shallow,raw,1,1,common,misc
ITEM:Rock_Basalt_Cobble_Roof_Steep,raw,1,1,common,misc
ITEM:Rock_Basalt_Cobble_Stairs,raw,1,1,common,misc
ITEM:Rock_Basalt_Cobble_Wall,raw,1,1,common,misc
ITEM:Rock_Calcite,raw,1,1,common,misc
ITEM:Rock_Calcite_Brick_Roof,raw,1,1,common,misc
ITEM:Rock_Calcite_Brick_Roof_Shallow,raw,1,1,common,misc
ITEM:Rock_Calcite_Brick_Roof_Steep,raw,1,1,common,misc
ITEM:Rock_Calcite_Brick_Stairs,raw,1,1,common,misc
ITEM:Rock_Calcite_Brick_Wall,raw,1,1,common,misc
ITEM:Rock_Calcite_Cobble,raw,1,1,common,misc
ITEM:Rock_Calcite_Cobble_Beam,raw,1,1,common,misc
ITEM:Rock_Calcite_Cobble_Half,raw,1,1,common,misc
ITEM:Rock_Calcite_Cobble_Roof,raw,1,1,common,misc
ITEM:Rock_Calcite_Cobble_Roof_Flat,raw,1,1,common,misc
ITEM:Rock_Calcite_Cobble_Roof_Hollow,raw,1,1,common,misc
ITEM:Rock_Calcite_Cobble_Roof_Shallow,raw,1,1,common,misc
ITEM:Rock_Calcite_Cobble_Roof_Steep,raw,1,1,common,misc
ITEM:Rock_Calcite_Cobble_Stairs,raw,1,1,common,misc
ITEM:Rock_Calcite_Cobble_Wall,raw,1,1,common,misc
ITEM:Rock_Chalk,raw,1,1,common,misc
ITEM:Rock_Chalk_Brick_Wall,raw,1,1,common,misc
ITEM:Rock_Crystal_Pink_Block,raw,1,1,common,misc
ITEM:Rock_Gold_Brick_Roof,raw,1,1,common,misc
ITEM:Rock_Gold_Brick_Roof_Shallow,raw,1,1,common,misc
ITEM:Rock_Gold_Brick_Roof_Steep,raw,1,1,common,misc
ITEM:Rock_Gold_Brick_Wall,raw,1,1,common,misc
ITEM:Rock_Ice,raw,1,1,common,misc
ITEM:Rock_Ice_Permafrost,raw,1,1,common,misc
ITEM:Rock_Ledge_Brick_Wall,raw,1,1,common,misc
ITEM:Rock_Ledge_Cobble_Wall,raw,1,1,common,misc
ITEM:Rock_Lime_Brick_Wall,raw,1,1,common,misc
ITEM:Rock_Lime_Cobble_Wall,raw,1,1,common,misc
ITEM:Rock_Magma_Cooled,raw,1,1,common,misc
ITEM:Rock_Marble,raw,1,1,common,misc
ITEM:Rock_Marble_Brick_Roof,raw,1,1,common,misc
ITEM:Rock_Marble_Brick_Roof_Shallow,raw,1,1,common,misc
ITEM:Rock_Marble_Brick_Roof_Steep,raw,1,1,common,misc
ITEM:Rock_Marble_Brick_Stairs,raw,1,1,common,misc
ITEM:Rock_Marble_Brick_Wall,raw,1,1,common,misc
ITEM:Rock_Marble_Cobble,raw,1,1,common,misc
ITEM:Rock_Marble_Cobble_Beam,raw,1,1,common,misc
ITEM:Rock_Marble_Cobble_Half,raw,1,1,common,misc
ITEM:Rock_Marble_Cobble_Roof,raw,1,1,common,misc
ITEM:Rock_Marble_Cobble_Roof_Flat,raw,1,1,common,misc
ITEM:Rock_Marble_Cobble_Roof_Hollow,raw,1,1,common,misc
ITEM:Rock_Marble_Cobble_Roof_Shallow,raw,1,1,common,misc
ITEM:Rock_Marble_Cobble_Roof_Steep,raw,1,1,common,misc
ITEM:Rock_Marble_Cobble_Stairs,raw,1,1,common,misc
ITEM:Rock_Marble_Cobble_Wall,raw,1,1,common,misc
ITEM:Rock_Peach_Brick_Wall,raw,1,1,common,misc
ITEM:Rock_Peach_Cobble_Wall,raw,1,1,common,misc
ITEM:Rock_Quartzite,raw,1,1,common,misc
ITEM:Rock_Quartzite_Brick_Roof,raw,1,1,common,misc
ITEM:Rock_Quartzite_Brick_Roof_Shallow,raw,1,1,common,misc
ITEM:Rock_Quartzite_Brick_Roof_Steep,raw,1,1,common,misc
ITEM:Rock_Quartzite_Brick_Stairs,raw,1,1,common,misc
ITEM:Rock_Quartzite_Brick_Wall,raw,1,1,common,misc
ITEM:Rock_Quartzite_Cobble,raw,1,1,common,misc
ITEM:Rock_Quartzite_Cobble_Beam,raw,1,1,common,misc
ITEM:Rock_Quartzite_Cobble_Half,raw,1,1,common,misc
ITEM:Rock_Quartzite_Cobble_Roof,raw,1,1,common,misc
ITEM:Rock_Quartzite_Cobble_Roof_Flat,raw,1,1,common,misc
ITEM:Rock_Quartzite_Cobble_Roof_Hollow,raw,1,1,common,misc
ITEM:Rock_Quartzite_Cobble_Roof_Shallow,raw,1,1,common,misc
ITEM:Rock_Quartzite_Cobble_Roof_Steep,raw,1,1,common,misc
ITEM:Rock_Quartzite_Cobble_Stairs,raw,1,1,common,misc
ITEM:Rock_Quartzite_Cobble_Wall,raw,1,1,common,misc
ITEM:Rock_Runic_Blue_Brick_Wall,raw,1,1,common,misc
ITEM:Rock_Runic_Cobble_Wall,raw,1,1,common,misc
ITEM:Rock_Runic_Dark_Brick_Wall,raw,1,1,common,misc
ITEM:Rock_Runic_Teal_Brick_Wall,raw,1,1,common,misc
ITEM:Rock_Salt,raw,1,1,common,misc
ITEM:Rock_Sandstone,raw,1,1,common,misc
ITEM:Rock_Sandstone_Brick_Roof,raw,1,1,common,misc
ITEM:Rock_Sandstone_Brick_Roof_Shallow,raw,1,1,common,misc
ITEM:Rock_Sandstone_Brick_Roof_Steep,raw,1,1,common,misc
ITEM:Rock_Sandstone_Brick_Stairs,raw,1,1,common,misc
ITEM:Rock_Sandstone_Brick_Wall,raw,1,1,common,misc
ITEM:Rock_Sandstone_Cobble,raw,1,1,common,misc
ITEM:Rock_Sandstone_Cobble_Beam,raw,1,1,common,misc
ITEM:Rock_Sandstone_Cobble_Half,raw,1,1,common,misc
ITEM:Rock_Sandstone_Cobble_Roof,raw,1,1,common,misc
ITEM:Rock_Sandstone_Cobble_Roof_Flat,raw,1,1,common,misc
ITEM:Rock_Sandstone_Cobble_Roof_Hollow,raw,1,1,common,misc
ITEM:Rock_Sandstone_Cobble_Roof_Shallow,raw,1,1,common,misc
ITEM:Rock_Sandstone_Cobble_Roof_Steep,raw,1,1,common,misc
ITEM:Rock_Sandstone_Cobble_Stairs,raw,1,1,common,misc
ITEM:Rock_Sandstone_Cobble_Wall,raw,1,1,common,misc
ITEM:Rock_Sandstone_Red,raw,1,1,common,misc
ITEM:Rock_Sandstone_Red_Brick_Roof,raw,1,1,common,misc
ITEM:Rock_Sandstone_Red_Brick_Roof_Shallow,raw,1,1,common,misc
ITEM:Rock_Sandstone_Red_Brick_Roof_Steep,raw,1,1,common,misc
ITEM:Rock_Sandstone_Red_Brick_Stairs,raw,1,1,common,misc
ITEM:Rock_Sandstone_Red_Brick_Wall,raw,1,1,common,misc
ITEM:Rock_Sandstone_Red_Cobble,raw,1,1,common,misc
ITEM:Rock_Sandstone_Red_Cobble_Beam,raw,1,1,common,misc
ITEM:Rock_Sandstone_Red_Cobble_Half,raw,1,1,common,misc
ITEM:Rock_Sandstone_Red_Cobble_Roof,raw,1,1,common,misc
ITEM:Rock_Sandstone_Red_Cobble_Roof_Flat,raw,1,1,common,misc
ITEM:Rock_Sandstone_Red_Cobble_Roof_Hollow,raw,1,1,common,misc
ITEM:Rock_Sandstone_Red_Cobble_Roof_Shallow,raw,1,1,common,misc
ITEM:Rock_Sandstone_Red_Cobble_Roof_Steep,raw,1,1,common,misc
ITEM:Rock_Sandstone_Red_Cobble_Stairs,raw,1,1,common,misc
ITEM:Rock_Sandstone_Red_Cobble_Wall,raw,1,1,common,misc
ITEM:Rock_Sandstone_White_Brick_Roof,raw,1,1,common,misc
ITEM:Rock_Sandstone_White_Brick_Roof_Shallow,raw,1,1,common,misc
ITEM:Rock_Sandstone_White_Brick_Roof_Steep,raw,1,1,common,misc
ITEM:Rock_Sandstone_White_Brick_Stairs,raw,1,1,common,misc
ITEM:Rock_Sandstone_White_Brick_Wall,raw,1,1,common,misc
ITEM:Rock_Sandstone_White_Cobble,raw,1,1,common,misc
ITEM:Rock_Sandstone_White_Cobble_Beam,raw,1,1,common,misc
ITEM:Rock_Sandstone_White_Cobble_Half,raw,1,1,common,misc
ITEM:Rock_Sandstone_White_Cobble_Roof,raw,1,1,common,misc
ITEM:Rock_Sandstone_White_Cobble_Roof_Flat,raw,1,1,common,misc
ITEM:Rock_Sandstone_White_Cobble_Roof_Hollow,raw,1,1,common,misc
ITEM:Rock_Sandstone_White_Cobble_Roof_Shallow,raw,1,1,common,misc
ITEM:Rock_Sandstone_White_Cobble_Roof_Steep,raw,1,1,common,misc
ITEM:Rock_Sandstone_White_Cobble_Stairs,raw,1,1,common,misc
ITEM:Rock_Sandstone_White_Cobble_Wall,raw,1,1,common,misc
ITEM:Rock_Shale,raw,1,1,common,misc
ITEM:Rock_Shale_Brick_Roof,raw,1,1,common,misc
ITEM:Rock_Shale_Brick_Roof_Shallow,raw,1,1,common,misc
ITEM:Rock_Shale_Brick_Roof_Steep,raw,1,1,common,misc
ITEM:Rock_Shale_Brick_Stairs,raw,1,1,common,misc
ITEM:Rock_Shale_Brick_Wall,raw,1,1,common,misc
ITEM:Rock_Shale_Cobble,raw,1,1,common,misc
ITEM:Rock_Shale_Cobble_Beam,raw,1,1,common,misc
ITEM:Rock_Shale_Cobble_Corner,raw,1,1,common,misc
ITEM:Rock_Shale_Cobble_Half,raw,1,1,common,misc
ITEM:Rock_Shale_Cobble_Roof,raw,1,1,common,misc
ITEM:Rock_Shale_Cobble_Roof_Flat,raw,1,1,common,misc
ITEM:Rock_Shale_Cobble_Roof_Hollow,raw,1,1,common,misc
ITEM:Rock_Shale_Cobble_Roof_Shallow,raw,1,1,common,misc
ITEM:Rock_Shale_Cobble_Roof_Steep,raw,1,1,common,misc
ITEM:Rock_Shale_Cobble_Stairs,raw,1,1,common,misc
ITEM:Rock_Shale_Cobble_Wall,raw,1,1,common,misc
ITEM:Rock_Slate,raw,1,1,common,misc
ITEM:Rock_Slate_Cobble,raw,1,1,common,misc
ITEM:Rock_Slate_Cobble_Beam,raw,1,1,common,misc
ITEM:Rock_Slate_Cobble_Corner,raw,1,1,common,misc
ITEM:Rock_Slate_Cobble_Half,raw,1,1,common,misc
ITEM:Rock_Slate_Cobble_Roof,raw,1,1,common,misc
ITEM:Rock_Slate_Cobble_Roof_Flat,raw,1,1,common,misc
ITEM:Rock_Slate_Cobble_Roof_Hollow,raw,1,1,common,misc
ITEM:Rock_Slate_Cobble_Roof_Shallow,raw,1,1,common,misc
ITEM:Rock_Slate_Cobble_Roof_Steep,raw,1,1,common,misc
ITEM:Rock_Slate_Cobble_Stairs,raw,1,1,common,misc
ITEM:Rock_Slate_Cobble_Wall,raw,1,1,common,misc
ITEM:Rock_Stone_Brick_Roof,raw,1,1,common,misc
ITEM:Rock_Stone_Brick_Roof_Shallow,raw,1,1,common,misc
ITEM:Rock_Stone_Brick_Roof_Steep,raw,1,1,common,misc
ITEM:Rock_Stone_Brick_Wall,raw,1,1,common,misc
ITEM:Rock_Stone_Cobble,raw,1,1,common,misc
ITEM:Rock_Stone_Cobble_Beam,raw,1,1,common,misc
ITEM:Rock_Stone_Cobble_Corner,raw,1,1,common,misc
ITEM:Rock_Stone_Cobble_Half,raw,1,1,common,misc
ITEM:Rock_Stone_Cobble_Mossy,raw,1,1,common,misc
ITEM:Rock_Stone_Cobble_Roof,raw,1,1,common,misc
ITEM:Rock_Stone_Cobble_Roof_Flat,raw,1,1,common,misc
ITEM:Rock_Stone_Cobble_Roof_Hollow,raw,1,1,common,misc
ITEM:Rock_Stone_Cobble_Roof_Shallow,raw,1,1,common,misc
ITEM:Rock_Stone_Cobble_Roof_Steep,raw,1,1,common,misc
ITEM:Rock_Stone_Cobble_Stairs,raw,1,1,common,misc
ITEM:Rock_Stone_Cobble_Wall,raw,1,1,common,misc
ITEM:Rock_Volcanic_Brick_Roof,raw,1,1,common,misc
ITEM:Rock_Volcanic_Brick_Roof_Shallow,raw,1,1,common,misc
ITEM:Rock_Volcanic_Brick_Roof_Steep,raw,1,1,common,misc
ITEM:Rock_Volcanic_Brick_Stairs,raw,1,1,common,misc
ITEM:Rock_Volcanic_Brick_Wall,raw,1,1,common,misc
ITEM:Rock_Volcanic_Cobble,raw,1,1,common,misc
ITEM:Rock_Volcanic_Cobble_Beam,raw,1,1,common,misc
ITEM:Rock_Volcanic_Cobble_Half,raw,1,1,common,misc
ITEM:Rock_Volcanic_Cobble_Roof,raw,1,1,common,misc
ITEM:Rock_Volcanic_Cobble_Roof_Flat,raw,1,1,common,misc
ITEM:Rock_Volcanic_Cobble_Roof_Hollow,raw,1,1,common,misc
ITEM:Rock_Volcanic_Cobble_Roof_Shallow,raw,1,1,common,misc
ITEM:Rock_Volcanic_Cobble_Roof_Steep,raw,1,1,common,misc
ITEM:Rock_Volcanic_Cobble_Stairs,raw,1,1,common,misc
ITEM:Rock_Volcanic_Cobble_Wall,raw,1,1,common,misc
ITEM:Rubble,raw,1,1,common,misc
ITEM:Rubble_Aqua,raw,1,1,common,misc
ITEM:Rubble_Basalt,raw,1,1,common,misc
ITEM:Rubble_Calcite,raw,1,1,common,misc
ITEM:Rubble_Ice,raw,1,1,common,misc
ITEM:Rubble_Marble,raw,1,1,common,misc
ITEM:Rubble_Quartzite,raw,1,1,common,misc
ITEM:Rubble_Sandstone,raw,1,1,common,misc
ITEM:Rubble_Sandstone_Red,raw,1,1,common,misc
ITEM:Rubble_Sandstone_White,raw,1,1,common,misc
ITEM:Rubble_Shale,raw,1,1,common,misc
ITEM:Rubble_Slate,raw,1,1,common,misc
ITEM:Rubble_Stone,raw,1,1,common,misc
ITEM:Rubble_Stone_Mossy,raw,1,1,common,misc
ITEM:Rubble_Volcanic,raw,1,1,common,misc
ITEM:Soil_Clay,raw,1,1,common,misc
ITEM:Soil_Clay_Brick_Wall,raw,1,1,common,misc
ITEM:Soil_Clay_Ocean,raw,1,1,common,misc
ITEM:Soil_Clay_Ocean_Brick_Roof,raw,1,1,common,misc
ITEM:Soil_Clay_Ocean_Brick_Roof_Shallow,raw,1,1,common,misc
ITEM:Soil_Clay_Ocean_Brick_Roof_Steep,raw,1,1,common,misc
ITEM:Soil_Clay_Ocean_Brick_Wall,raw,1,1,common,misc
ITEM:Soil_Clay_Smooth_Blue,raw,1,1,common,misc
ITEM:Soil_Clay_Smooth_Cyan,raw,1,1,common,misc
ITEM:Soil_Clay_Smooth_Green,raw,1,1,common,misc
ITEM:Soil_Clay_Smooth_Grey,raw,1,1,common,misc
ITEM:Soil_Clay_Smooth_Lime,raw,1,1,common,misc
ITEM:Soil_Clay_Smooth_Red,raw,1,1,common,misc
ITEM:Soil_Clay_Smooth_White,raw,1,1,common,misc
ITEM:Soil_Clay_Smooth_Yellow,raw,1,1,common,misc
ITEM:Soil_Dirt,raw,1,1,common,misc
ITEM:Soil_Dirt_Burnt,raw,1,1,common,misc
ITEM:Soil_Dirt_Cold,raw,1,1,common,misc
ITEM:Soil_Dirt_Dry,raw,1,1,common,misc
ITEM:Soil_Mud_Dry,raw,1,1,common,misc
ITEM:Soil_Pathway,raw,1,1,common,misc
ITEM:Soil_Pebbles_Frozen,raw,1,1,common,misc
ITEM:Soil_Sand_White,raw,1,1,common,misc
ITEM:Soil_Snow,raw,1,1,common,misc
ITEM:Soil_Snow_Brick_Wall,raw,1,1,common,misc
ITEM:Tool_Fishing_Trap,raw,1,1,common,misc
ITEM:Tool_Hammer_Crude,raw,1,1,common,misc
ITEM:Tool_Hammer_Iron,raw,1,1,common,misc
ITEM:Tool_Hatchet_Adamantite,raw,1,1,common,misc
ITEM:Tool_Hatchet_Cobalt,raw,1,1,common,misc
ITEM:Tool_Hatchet_Copper,raw,1,1,common,misc
ITEM:Tool_Hatchet_Crude,raw,1,1,common,misc
ITEM:Tool_Hatchet_Iron,raw,1,1,common,misc
ITEM:Tool_Hatchet_Mithril,raw,1,1,common,misc
ITEM:Tool_Hatchet_Thorium,raw,1,1,common,misc
ITEM:Tool_Hoe_Copper,raw,1,1,common,misc
ITEM:Tool_Hoe_Crude,raw,1,1,common,misc
ITEM:Tool_Hoe_Iron,raw,1,1,common,misc
ITEM:Tool_Hoe_Thorium,raw,1,1,common,misc
ITEM:Tool_Pickaxe_Adamantite,raw,1,1,common,misc
ITEM:Tool_Pickaxe_Cobalt,raw,1,1,common,misc
ITEM:Tool_Pickaxe_Copper,raw,1,1,common,misc
ITEM:Tool_Pickaxe_Crude,raw,1,1,common,misc
ITEM:Tool_Pickaxe_Iron,raw,1,1,common,misc
ITEM:Tool_Pickaxe_Mithril,raw,1,1,common,misc
ITEM:Tool_Pickaxe_Thorium,raw,1,1,common,misc
ITEM:Tool_Repair_Kit_Crude,raw,1,1,common,misc
ITEM:Tool_Repair_Kit_Iron,raw,1,1,common,misc
ITEM:Tool_Shovel_Crude,raw,1,1,common,misc
ITEM:Tool_Shovel_Iron,raw,1,1,common,misc
ITEM:Tool_Sickle_Crude,raw,1,1,common,misc
ITEM:Weapon_Arrow_Crude,raw,1,1,,gear
ITEM:Weapon_Assault_Rifle,raw,1,1,,gear
ITEM:Weapon_Axe_Adamantite,raw,1,1,,gear
ITEM:Weapon_Axe_Bone,raw,1,1,,gear
ITEM:Weapon_Axe_Cobalt,raw,1,1,,gear
ITEM:Weapon_Axe_Copper,raw,1,1,,gear
ITEM:Weapon_Axe_Crude,raw,1,1,,gear
ITEM:Weapon_Axe_Iron,raw,1,1,,gear
ITEM:Weapon_Axe_Iron_Rusty,raw,1,1,,gear
ITEM:Weapon_Axe_Stone_Trork,raw,1,1,,gear
ITEM:Weapon_Axe_Thorium,raw,1,1,,gear
ITEM:Weapon_Axe_Tribal,raw,1,1,,gear
ITEM:Weapon_Battleaxe_Adamantite,raw,1,1,,gear
ITEM:Weapon_Battleaxe_Cobalt,raw,1,1,,gear
ITEM:Weapon_Battleaxe_Copper,raw,1,1,,gear
ITEM:Weapon_Battleaxe_Crude,raw,1,1,,gear
ITEM:Weapon_Battleaxe_Doomed,raw,1,1,,gear
ITEM:Weapon_Battleaxe_Iron,raw,1,1,,gear
ITEM:Weapon_Battleaxe_Mithril,raw,1,1,,gear
ITEM:Weapon_Battleaxe_Onyxium,raw,1,1,,gear
ITEM:Weapon_Battleaxe_Steel_Rusty,raw,1,1,,gear
ITEM:Weapon_Battleaxe_Stone_Trork,raw,1,1,,gear
ITEM:Weapon_Battleaxe_Thorium,raw,1,1,,gear
ITEM:Weapon_Battleaxe_Tribal,raw,1,1,,gear
ITEM:Weapon_Blowgun_Tribal,raw,1,1,,gear
ITEM:Weapon_Bomb,raw,1,1,,gear
ITEM:Weapon_Bomb_Fire,raw,1,1,,gear
ITEM:Weapon_Bomb_Popberry,raw,1,1,,gear
ITEM:Weapon_Club_Adamantite,raw,1,1,,gear
ITEM:Weapon_Club_Bone,raw,1,1,,gear
ITEM:Weapon_Club_Cobalt,raw,1,1,,gear
ITEM:Weapon_Club_Copper,raw,1,1,,gear
ITEM:Weapon_Club_Iron,raw,1,1,,gear
ITEM:Weapon_Club_Iron_Rusty,raw,1,1,,gear
ITEM:Weapon_Club_Steel_Flail_Rusty,raw,1,1,,gear
ITEM:Weapon_Club_Stone_Trork,raw,1,1,,gear
ITEM:Weapon_Club_Thorium,raw,1,1,,gear
ITEM:Weapon_Club_Tribal,raw,1,1,,gear
ITEM:Weapon_Crossbow_Ancient_Steel,raw,1,1,,gear
ITEM:Weapon_Crossbow_Iron,raw,1,1,,gear
ITEM:Weapon_Daggers_Adamantite,raw,1,1,,gear
ITEM:Weapon_Daggers_Bone,raw,1,1,,gear
ITEM:Weapon_Daggers_Claw_Bone,raw,1,1,,gear
ITEM:Weapon_Daggers_Cobalt,raw,1,1,,gear
ITEM:Weapon_Daggers_Copper,raw,1,1,,gear
ITEM:Weapon_Daggers_Crude,raw,1,1,,gear
ITEM:Weapon_Daggers_Doomed,raw,1,1,,gear
ITEM:Weapon_Daggers_Iron,raw,1,1,,gear
ITEM:Weapon_Daggers_Mithril,raw,1,1,,gear
ITEM:Weapon_Daggers_Onyxium,raw,1,1,,gear
ITEM:Weapon_Daggers_Stone_Trork,raw,1,1,,gear
ITEM:Weapon_Daggers_Thorium,raw,1,1,,gear
ITEM:Weapon_Deployable_Healing_Totem,raw,1,1,,gear
ITEM:Weapon_Deployable_Slowness_Totem,raw,1,1,,gear
ITEM:Weapon_Longsword_Adamantite,raw,1,1,,gear
ITEM:Weapon_Longsword_Bone,raw,1,1,,gear
ITEM:Weapon_Longsword_Cobalt,raw,1,1,,gear
ITEM:Weapon_Longsword_Copper,raw,1,1,,gear
ITEM:Weapon_Longsword_Crude,raw,1,1,,gear
ITEM:Weapon_Longsword_Doomed,raw,1,1,,gear
ITEM:Weapon_Longsword_Iron,raw,1,1,,gear
ITEM:Weapon_Longsword_Mithril,raw,1,1,,gear
ITEM:Weapon_Longsword_Onyxium,raw,1,1,,gear
ITEM:Weapon_Longsword_Scarab,raw,1,1,,gear
ITEM:Weapon_Longsword_Stone_Trork,raw,1,1,,gear
ITEM:Weapon_Longsword_Thorium,raw,1,1,,gear
ITEM:Weapon_Mace_Adamantite,raw,1,1,,gear
ITEM:Weapon_Mace_Bone,raw,1,1,,gear
ITEM:Weapon_Mace_Cobalt,raw,1,1,,gear
ITEM:Weapon_Mace_Copper,raw,1,1,,gear
ITEM:Weapon_Mace_Crude,raw,1,1,,gear
ITEM:Weapon_Mace_Iron,raw,1,1,,gear
ITEM:Weapon_Mace_Mithril,raw,1,1,,gear
ITEM:Weapon_Mace_Onyxium,raw,1,1,,gear
ITEM:Weapon_Mace_Scrap,raw,1,1,,gear
ITEM:Weapon_Mace_Stone_Trork,raw,1,1,,gear
ITEM:Weapon_Mace_Thorium,raw,1,1,,gear
ITEM:Weapon_Shield_Adamantite,raw,1,1,,gear
ITEM:Weapon_Shield_Cobalt,raw,1,1,,gear
ITEM:Weapon_Shield_Copper,raw,1,1,,gear
ITEM:Weapon_Shield_Doomed,raw,1,1,,gear
ITEM:Weapon_Shield_Iron,raw,1,1,,gear
ITEM:Weapon_Shield_Mithril,raw,1,1,,gear
ITEM:Weapon_Shield_Rusty,raw,1,1,,gear
ITEM:Weapon_Shield_Scrap,raw,1,1,,gear
ITEM:Weapon_Shield_Thorium,raw,1,1,,gear
ITEM:Weapon_Shield_Wood,raw,1,1,,gear
ITEM:Weapon_Shortbow_Adamantite,raw,1,1,,gear
ITEM:Weapon_Shortbow_Bone,raw,1,1,,gear
ITEM:Weapon_Shortbow_Cobalt,raw,1,1,,gear
ITEM:Weapon_Shortbow_Copper,raw,1,1,,gear
ITEM:Weapon_Shortbow_Crude,raw,1,1,,gear
ITEM:Weapon_Shortbow_Doomed,raw,1,1,,gear
ITEM:Weapon_Shortbow_Iron,raw,1,1,,gear
ITEM:Weapon_Shortbow_Iron_Rusty,raw,1,1,,gear
ITEM:Weapon_Shortbow_Mithril,raw,1,1,,gear
ITEM:Weapon_Shortbow_Onyxium,raw,1,1,,gear
ITEM:Weapon_Shortbow_Stone_Trork,raw,1,1,,gear
ITEM:Weapon_Shortbow_Thorium,raw,1,1,,gear
ITEM:Weapon_Spear_Adamantite,raw,1,1,,gear
ITEM:Weapon_Spear_Bone,raw,1,1,,gear
ITEM:Weapon_Spear_Cobalt,raw,1,1,,gear
ITEM:Weapon_Spear_Crude,raw,1,1,,gear
ITEM:Weapon_Spear_Fishbone,raw,1,1,,gear
ITEM:Weapon_Spear_Leaf,raw,1,1,,gear
ITEM:Weapon_Spear_Mithril,raw,1,1,,gear
ITEM:Weapon_Spear_Onyxium,raw,1,1,,gear
ITEM:Weapon_Spear_Stone_Trork,raw,1,1,,gear
ITEM:Weapon_Spear_Thorium,raw,1,1,,gear
ITEM:Weapon_Spellbook_Rekindle_Embers,raw,1,1,,gear
ITEM:Weapon_Staff_Bone,raw,1,1,,gear
ITEM:Weapon_Sword_Adamantite,raw,1,1,,gear
ITEM:Weapon_Sword_Bone,raw,1,1,,gear
ITEM:Weapon_Sword_Cobalt,raw,1,1,,gear
ITEM:Weapon_Sword_Copper,raw,1,1,,gear
ITEM:Weapon_Sword_Crude,raw,1,1,,gear
ITEM:Weapon_Sword_Doomed,raw,1,1,,gear
ITEM:Weapon_Sword_Iron,raw,1,1,,gear
ITEM:Weapon_Sword_Mithril,raw,1,1,,gear
ITEM:Weapon_Sword_Onyxium,raw,1,1,,gear
ITEM:Weapon_Sword_Scrap,raw,1,1,,gear
ITEM:Weapon_Sword_Steel_Rusty,raw,1,1,,gear
ITEM:Weapon_Sword_Stone_Trork,raw,1,1,,gear
ITEM:Weapon_Sword_Thorium,raw,1,1,,gear
ITEM:Wood_Amber_Trunk,raw,1,1,common,misc
ITEM:Wood_Ash_Trunk,raw,1,1,common,misc
ITEM:Wood_Aspen_Trunk,raw,1,1,common,misc
ITEM:Wood_Azure_Trunk,raw,1,1,common,misc
ITEM:Wood_Bamboo_Trunk,raw,1,1,common,misc
ITEM:Wood_Banyan_Trunk,raw,1,1,common,misc
ITEM:Wood_Beech_Trunk,raw,1,1,common,misc
ITEM:Wood_Birch_Trunk,raw,1,1,common,misc
ITEM:Wood_Blackwood_Fence,raw,1,1,common,misc
ITEM:Wood_Blackwood_Planks,raw,1,1,common,misc
ITEM:Wood_Blackwood_Roof,raw,1,1,common,misc
ITEM:Wood_Blackwood_Roof_Shallow,raw,1,1,common,misc
ITEM:Wood_Blackwood_Roof_Steep,raw,1,1,common,misc
ITEM:Wood_Blackwood_Stairs,raw,1,1,common,misc
ITEM:Wood_Bottletree_Trunk,raw,1,1,common,misc
ITEM:Wood_Burnt_Trunk,raw,1,1,common,misc
ITEM:Wood_Camphor_Trunk,raw,1,1,common,misc
ITEM:Wood_Cedar_Trunk,raw,1,1,common,misc
ITEM:Wood_Darkwood_Fence,raw,1,1,common,misc
ITEM:Wood_Darkwood_Planks,raw,1,1,common,misc
ITEM:Wood_Darkwood_Planks_Half,raw,1,1,common,misc
ITEM:Wood_Darkwood_Roof,raw,1,1,common,misc
ITEM:Wood_Darkwood_Roof_Shallow,raw,1,1,common,misc
ITEM:Wood_Darkwood_Roof_Steep,raw,1,1,common,misc
ITEM:Wood_Darkwood_Stairs,raw,1,1,common,misc
ITEM:Wood_Deadwood_Fence,raw,1,1,common,misc
ITEM:Wood_Deadwood_Planks,raw,1,1,common,misc
ITEM:Wood_Deadwood_Roof,raw,1,1,common,misc
ITEM:Wood_Deadwood_Roof_Shallow,raw,1,1,common,misc
ITEM:Wood_Deadwood_Roof_Steep,raw,1,1,common,misc
ITEM:Wood_Deadwood_Stairs,raw,1,1,common,misc
ITEM:Wood_Dry_Trunk,raw,1,1,common,misc
ITEM:Wood_Drywood_Fence,raw,1,1,common,misc
ITEM:Wood_Drywood_Planks,raw,1,1,common,misc
ITEM:Wood_Drywood_Roof,raw,1,1,common,misc
ITEM:Wood_Drywood_Roof_Shallow,raw,1,1,common,misc
ITEM:Wood_Drywood_Roof_Steep,raw,1,1,common,misc
ITEM:Wood_Drywood_Stairs,raw,1,1,common,misc
ITEM:Wood_Fig_Blue_Trunk,raw,1,1,common,misc
ITEM:Wood_Fir_Trunk,raw,1,1,common,misc
ITEM:Wood_Fire_Trunk,raw,1,1,common,misc
ITEM:Wood_Goldenwood_Fence,raw,1,1,common,misc
ITEM:Wood_Goldenwood_Roof,raw,1,1,common,misc
ITEM:Wood_Goldenwood_Roof_Shallow,raw,1,1,common,misc
ITEM:Wood_Goldenwood_Roof_Steep,raw,1,1,common,misc
ITEM:Wood_Goldenwood_Stairs,raw,1,1,common,misc
ITEM:Wood_Greenwood_Fence,raw,1,1,common,misc
ITEM:Wood_Greenwood_Roof,raw,1,1,common,misc
ITEM:Wood_Greenwood_Roof_Shallow,raw,1,1,common,misc
ITEM:Wood_Greenwood_Roof_Steep,raw,1,1,common,misc
ITEM:Wood_Greenwood_Stairs,raw,1,1,common,misc
ITEM:Wood_Gumboab_Trunk,raw,1,1,common,misc
ITEM:Wood_Hardwood_Fence,raw,1,1,common,misc
ITEM:Wood_Hardwood_Planks,raw,1,1,common,misc
ITEM:Wood_Hardwood_Roof,raw,1,1,common,misc
ITEM:Wood_Hardwood_Roof_Shallow,raw,1,1,common,misc
ITEM:Wood_Hardwood_Roof_Steep,raw,1,1,common,misc
ITEM:Wood_Hardwood_Stairs,raw,1,1,common,misc
ITEM:Wood_Ice_Trunk,raw,1,1,common,misc
ITEM:Wood_Jungle_Trunk,raw,1,1,common,misc
ITEM:Wood_Lightwood_Fence,raw,1,1,common,misc
ITEM:Wood_Lightwood_Roof,raw,1,1,common,misc
ITEM:Wood_Lightwood_Roof_Shallow,raw,1,1,common,misc
ITEM:Wood_Lightwood_Roof_Steep,raw,1,1,common,misc
ITEM:Wood_Lightwood_Stairs,raw,1,1,common,misc
ITEM:Wood_Maple_Trunk,raw,1,1,common,misc
ITEM:Wood_Oak_Trunk,raw,1,1,common,misc
ITEM:Wood_Palm_Trunk,raw,1,1,common,misc
ITEM:Wood_Palo_Trunk,raw,1,1,common,misc
ITEM:Wood_Petrified_Trunk,raw,1,1,common,misc
ITEM:Wood_Poisoned_Trunk,raw,1,1,common,misc
ITEM:Wood_Redwood_Fence,raw,1,1,common,misc
ITEM:Wood_Redwood_Planks,raw,1,1,common,misc
ITEM:Wood_Redwood_Roof,raw,1,1,common,misc
ITEM:Wood_Redwood_Roof_Shallow,raw,1,1,common,misc
ITEM:Wood_Redwood_Roof_Steep,raw,1,1,common,misc
ITEM:Wood_Redwood_Stairs,raw,1,1,common,misc
ITEM:Wood_Redwood_Trunk,raw,1,1,common,misc
ITEM:Wood_Sallow_Trunk,raw,1,1,common,misc
ITEM:Wood_Softwood_Fence,raw,1,1,common,misc
ITEM:Wood_Softwood_Roof,raw,1,1,common,misc
ITEM:Wood_Softwood_Roof_Shallow,raw,1,1,common,misc
ITEM:Wood_Softwood_Roof_Steep,raw,1,1,common,misc
ITEM:Wood_Softwood_Stairs,raw,1,1,common,misc
ITEM:Wood_Spiral_Trunk,raw,1,1,common,misc
ITEM:Wood_Stormbark_Trunk,raw,1,1,common,misc
ITEM:Wood_Stripped_Deco,raw,1,1,common,misc
ITEM:Wood_Tropicalwood_Fence,raw,1,1,common,misc
ITEM:Wood_Tropicalwood_Planks,raw,1,1,common,misc
ITEM:Wood_Tropicalwood_Roof,raw,1,1,common,misc
ITEM:Wood_Tropicalwood_Roof_Shallow,raw,1,1,common,misc
ITEM:Wood_Tropicalwood_Roof_Steep,raw,1,1,common,misc
ITEM:Wood_Village_Wall_Blue_Full,raw,1,1,common,misc
ITEM:Wood_Village_Wall_Cyan_Full,raw,1,1,common,misc
ITEM:Wood_Village_Wall_Full,raw,1,1,common,misc
ITEM:Wood_Village_Wall_Green_Full,raw,1,1,common,misc
ITEM:Wood_Village_Wall_Grey_Full,raw,1,1,common,misc
ITEM:Wood_Village_Wall_Lime_Full,raw,1,1,common,misc
ITEM:Wood_Village_Wall_Red_Full,raw,1,1,common,misc
ITEM:Wood_Village_Wall_White_Full,raw,1,1,common,misc
ITEM:Wood_Village_Wall_Yellow_Full,raw,1,1,common,misc
ITEM:Wood_Windwillow_Trunk,raw,1,1,common,misc
ITEM:Wood_Wisteria_Wild_Trunk,raw,1,1,common,misc
LEATHER:generic,leather,1,1,,leather_processing
LEATHER:heavy,leather,1,2,rare,leather_processing
LEATHER:light,leather,1,1,uncommon,leather_processing
LEATHER:medium,leather,1,2,uncommon,leather_processing
LEATHER:prism,leather,1,4,very_rare,leather_processing
LEATHER:storm,leather,1,3,rare,leather_processing
MASS:basalt,mass,9,1,very_common,mass_block
MASS:marble,mass,8,1,very_common,mass_block
MASS:shale,mass,8,1,very_common,mass_block
MASS:slate,mass,8,1,very_common,mass_block
MASS:stone,mass,48,1,very_common,mass_block
MASS:volcanic,mass,9,1,very_common,mass_block
ORE_ITEM:Ore_Mithril,ore_item,1,4,very_rare,endgame_mithril
ORE_ITEM:Ore_Onyxium,ore_item,1,4,mythic,endgame_onyxium
ORE_MATERIAL:adamantite,ore_material,6,3,very_rare,ore_t4
ORE_MATERIAL:cobalt,ore_material,7,3,rare,ore_t3
ORE_MATERIAL:copper,ore_material,6,1,common,ore_t1
ORE_MATERIAL:gold,ore_material,6,3,rare,ore_t3
ORE_MATERIAL:iron,ore_material,7,1,common,ore_t1
ORE_MATERIAL:mithril,ore_material,5,4,very_rare,endgame_mithril
ORE_MATERIAL:onyxium,ore_material,5,4,mythic,endgame_onyxium
ORE_MATERIAL:silver,ore_material,7,2,uncommon,ore_t2
ORE_MATERIAL:thorium,ore_material,6,2,uncommon,ore_t2
RESOURCE:Alpha_Meat,raw,1,1,common,misc
RESOURCE:Bone,raw,1,1,common,misc
RESOURCE:Clays,raw,1,1,common,misc
RESOURCE:Fish,raw,1,1,common,misc
RESOURCE:Fish_Epic,raw,1,1,common,misc
RESOURCE:Fish_Legendary,raw,1,1,common,misc
RESOURCE:Fish_Rare,raw,1,1,common,misc
RESOURCE:Fish_Uncommon,raw,1,1,common,misc
RESOURCE:Flowers,raw,1,1,common,misc
RESOURCE:Fruits,raw,1,1,common,misc
RESOURCE:Fuel,raw,1,1,common,misc
RESOURCE:Meats,raw,1,1,common,misc
RESOURCE:Milk_Bucket,raw,1,1,common,misc
RESOURCE:Milk_Mosshorn_Bucket,raw,1,1,common,misc
RESOURCE:Moss,raw,1,1,common,misc
RESOURCE:Mushrooms,raw,1,1,common,misc
RESOURCE:Prototype_Rock_Concrete_Brick,raw,1,1,common,misc
RESOURCE:Rock,raw,1,1,common,misc
RESOURCE:Rock_Aqua,raw,1,1,common,misc
RESOURCE:Rock_Aqua_Brick,raw,1,1,common,misc
RESOURCE:Rock_Basalt,raw,1,1,common,misc
RESOURCE:Rock_Basalt_Brick,raw,1,1,common,misc
RESOURCE:Rock_Calcite,raw,1,1,common,misc
RESOURCE:Rock_Calcite_Brick,raw,1,1,common,misc
RESOURCE:Rock_Chalk_Brick,raw,1,1,common,misc
RESOURCE:Rock_Gold_Brick,raw,1,1,common,misc
RESOURCE:Rock_Ledge,raw,1,1,common,misc
RESOURCE:Rock_Ledge_Brick,raw,1,1,common,misc
RESOURCE:Rock_Lime,raw,1,1,common,misc
RESOURCE:Rock_Lime_Brick,raw,1,1,common,misc
RESOURCE:Rock_Marble,raw,1,1,common,misc
RESOURCE:Rock_Marble_Brick,raw,1,1,common,misc
RESOURCE:Rock_Peach,raw,1,1,common,misc
RESOURCE:Rock_Peach_Brick,raw,1,1,common,misc
RESOURCE:Rock_Quartzite,raw,1,1,common,misc
RESOURCE:Rock_Quartzite_Brick,raw,1,1,common,misc
RESOURCE:Rock_Sandstone,raw,1,1,common,misc
RESOURCE:Rock_Sandstone_Brick,raw,1,1,common,misc
RESOURCE:Rock_Sandstone_Red,raw,1,1,common,misc
RESOURCE:Rock_Sandstone_Red_Brick,raw,1,1,common,misc
RESOURCE:Rock_Sandstone_White,raw,1,1,common,misc
RESOURCE:Rock_Sandstone_White_Brick,raw,1,1,common,misc
RESOURCE:Rock_Shale,raw,1,1,common,misc
RESOURCE:Rock_Shale_Brick,raw,1,1,common,misc
RESOURCE:Rock_Slate,raw,1,1,common,misc
RESOURCE:Rock_Stone,raw,1,1,common,misc
RESOURCE:Rock_Stone_Brick,raw,1,1,common,misc
RESOURCE:Rock_Stone_Mossy,raw,1,1,common,misc
RESOURCE:Rock_Volcanic,raw,1,1,common,misc
RESOURCE:Rock_Volcanic_Brick,raw,1,1,common,misc
RESOURCE:Rubble,raw,1,1,common,misc
RESOURCE:Salvage_Adamantite,raw,1,1,common,misc
RESOURCE:Salvage_Cobalt,raw,1,1,common,misc
RESOURCE:Salvage_Copper,raw,1,1,common,misc
RESOURCE:Salvage_Gold,raw,1,1,common,misc
RESOURCE:Salvage_Iron,raw,1,1,common,misc
RESOURCE:Salvage_Mithril,raw,1,1,common,misc
RESOURCE:Salvage_Onyxium,raw,1,1,common,misc
RESOURCE:Salvage_Prisma,raw,1,1,common,misc
RESOURCE:Salvage_Silver,raw,1,1,common,misc
RESOURCE:Salvage_Thorium,raw,1,1,common,misc
RESOURCE:Salvage_Wood,resource,1,1,common,wood_basic
RESOURCE:Sands,raw,1,1,common,misc
RESOURCE:Soil_Clay_Ocean_Brick,raw,1,1,common,misc
RESOURCE:Soils,raw,1,1,common,misc
RESOURCE:Vegetables,raw,1,1,common,misc
RESOURCE:Wood_All,resource,1,1,common,wood_basic
RESOURCE:Wood_Blackwood,resource,1,1,common,wood_basic
RESOURCE:Wood_Blackwood_Deadwood,resource,1,1,common,wood_basic
RESOURCE:Wood_Blackwood_Trunk,resource,1,1,common,wood_basic
RESOURCE:Wood_Darkwood,resource,1,1,common,wood_basic
RESOURCE:Wood_Darkwood_Trunk,resource,1,1,common,wood_basic
RESOURCE:Wood_Deadwood,resource,1,1,common,wood_basic
RESOURCE:Wood_Deadwood_Trunk,resource,1,1,common,wood_basic
RESOURCE:Wood_Drywood,resource,1,1,common,wood_basic
RESOURCE:Wood_Drywood_Goldenwood,resource,1,1,common,wood_basic
RESOURCE:Wood_Drywood_Trunk,resource,1,1,common,wood_basic
RESOURCE:Wood_Goldenwood,resource,1,1,common,wood_basic
RESOURCE:Wood_Goldenwood_Trunk,resource,1,1,common,wood_basic
RESOURCE:Wood_Greenwood,resource,1,1,common,wood_basic
RESOURCE:Wood_Greenwood_Trunk,resource,1,1,common,wood_basic
RESOURCE:Wood_Hardwood,resource,1,1,common,wood_basic
RESOURCE:Wood_Hardwood_Trunk,resource,1,1,common,wood_basic
RESOURCE:Wood_Lightwood,resource,1,1,common,wood_basic
RESOURCE:Wood_Lightwood_Softwood,resource,1,1,common,wood_basic
RESOURCE:Wood_Lightwood_Trunk,resource,1,1,common,wood_basic
RESOURCE:Wood_Planks,resource,1,1,common,wood_basic
RESOURCE:Wood_Redwood,resource,1,1,common,wood_basic
RESOURCE:Wood_Redwood_Trunk,resource,1,1,common,wood_basic
RESOURCE:Wood_Softwood,resource,1,1,common,wood_basic
RESOURCE:Wood_Softwood_Trunk,resource,1,1,common,wood_basic
RESOURCE:Wood_Tropicalwood,resource,1,1,common,wood_basic
RESOURCE:Wood_Tropicalwood_Trunk,resource,1,1,common,wood_basic
RESOURCE:Wood_Trunk,resource,1,1,common,wood_basic
SEED:Plant_Seeds_Aubergine,seed,1,1,common,seed
SEED:Plant_Seeds_Aubergine_Eternal,seed,1,1,common,seed
SEED:Plant_Seeds_Carrot,seed,1,1,common,seed
SEED:Plant_Seeds_Carrot_Eternal,seed,1,1,common,seed
SEED:Plant_Seeds_Cauliflower,seed,1,1,common,seed
SEED:Plant_Seeds_Cauliflower_Eternal,seed,1,1,common,seed
SEED:Plant_Seeds_Chilli,seed,1,1,common,seed
SEED:Plant_Seeds_Chilli_Eternal,seed,1,1,common,seed
SEED:Plant_Seeds_Corn,seed,1,1,common,seed
SEED:Plant_Seeds_Corn_Eternal,seed,1,1,common,seed
SEED:Plant_Seeds_Cotton,seed,1,1,common,seed
SEED:Plant_Seeds_Cotton_Eternal,seed,1,1,common,seed
SEED:Plant_Seeds_Health1,seed,1,1,common,seed
SEED:Plant_Seeds_Health2,seed,1,1,common,seed
SEED:Plant_Seeds_Health3,seed,1,1,common,seed
SEED:Plant_Seeds_Lettuce,seed,1,1,common,seed
SEED:Plant_Seeds_Lettuce_Eternal,seed,1,1,common,seed
SEED:Plant_Seeds_Mana1,seed,1,1,common,seed
SEED:Plant_Seeds_Mana2,seed,1,1,common,seed
SEED:Plant_Seeds_Mana3,seed,1,1,common,seed
SEED:Plant_Seeds_Onion,seed,1,1,common,seed
SEED:Plant_Seeds_Onion_Eternal,seed,1,1,common,seed
SEED:Plant_Seeds_Pine,seed,1,1,common,seed
SEED:Plant_Seeds_Potato,seed,1,1,common,seed
SEED:Plant_Seeds_Potato_Eternal,seed,1,1,common,seed
SEED:Plant_Seeds_Pumpkin,seed,1,1,common,seed
SEED:Plant_Seeds_Pumpkin_Eternal,seed,1,1,common,seed
SEED:Plant_Seeds_Rice,seed,1,1,common,seed
SEED:Plant_Seeds_Rice_Eternal,seed,1,1,common,seed
SEED:Plant_Seeds_Stamina1,seed,1,1,common,seed
SEED:Plant_Seeds_Stamina2,seed,1,1,common,seed
SEED:Plant_Seeds_Stamina3,seed,1,1,common,seed
SEED:Plant_Seeds_Sunflower,seed,1,1,common,seed
SEED:Plant_Seeds_Tomato,seed,1,1,common,seed
SEED:Plant_Seeds_Tomato_Eternal,seed,1,1,common,seed
SEED:Plant_Seeds_Turnip,seed,1,1,common,seed
SEED:Plant_Seeds_Turnip_Eternal,seed,1,1,common,seed
SEED:Plant_Seeds_Wheat,seed,1,1,common,seed
SEED:Plant_Seeds_Wheat_Eternal,seed,1,1,common,seed
SEED:Plant_Seeds_Wild,seed,1,1,common,seed
SEED:Recipe_Plant_Seeds_Health1,seed,1,1,common,seed
SEED:Recipe_Plant_Seeds_Health2,seed,1,1,common,seed
SEED:Recipe_Plant_Seeds_Health3,seed,1,1,common,seed
SEED:Recipe_Plant_Seeds_Mana1,seed,1,1,common,seed
SEED:Recipe_Plant_Seeds_Mana2,seed,1,1,common,seed
SEED:Recipe_Plant_Seeds_Mana3,seed,1,1,common,seed
SEED:Recipe_Plant_Seeds_Stamina1,seed,1,1,common,seed
SEED:Recipe_Plant_Seeds_Stamina2,seed,1,1,common,seed
SEED:Recipe_Plant_Seeds_Stamina3,seed,1,1,common,seed
